,Survived,Pclass,Sex,Age,SibSp,Parch,Fare,Embarked,Cabin_Letter
0,0.0,1.0,0.0,0.2734560942001754,0.125,0.0,0.014151057562208049,0.0,1.0
1,1.0,0.0,1.0,0.4738819992484029,0.125,0.0,0.13913573538264068,0.5,0.2857142857142857
2,1.0,1.0,1.0,0.32356257046223225,0.0,0.0,0.015468569817999833,0.0,1.0
3,1.0,0.0,1.0,0.43630214205186024,0.125,0.0,0.10364429745562033,0.0,0.2857142857142857
4,0.0,1.0,0.0,0.43630214205186024,0.0,0.0,0.015712553569072387,0.0,1.0
5,0.0,1.0,0.0,0.311035951396718,0.0,0.0,0.01650950209357577,1.0,1.0
6,0.0,0.0,0.0,0.6743079042966303,0.0,0.0,0.10122885832000206,0.0,0.5714285714285714
7,0.0,1.0,0.0,0.02292371288989102,0.375,0.1111111111111111,0.04113566043083236,0.0,1.0
8,1.0,1.0,1.0,0.33608918952774647,0.0,0.2222222222222222,0.021730754366528396,0.0,1.0
9,1.0,0.5,1.0,0.17324314167606164,0.125,0.0,0.058694292654020104,0.5,1.0
10,1.0,1.0,1.0,0.04797695102091946,0.125,0.1111111111111111,0.03259622914329302,0.0,0.8571428571428571
11,1.0,0.0,1.0,0.7244143805586872,0.0,0.0,0.051822148727810165,0.0,0.2857142857142857
12,0.0,1.0,0.0,0.24840285606914697,0.0,0.0,0.015712553569072387,0.0,1.0
13,0.0,1.0,0.0,0.48640861831391713,0.125,0.5555555555555556,0.06104473451835265,0.0,1.0
14,0.0,1.0,1.0,0.17324314167606164,0.0,0.0,0.015330377421392339,0.0,1.0
15,1.0,0.5,1.0,0.6868345233621446,0.0,0.0,0.03122992013728673,0.0,1.0
16,0.0,1.0,0.0,0.02292371288989102,0.5,0.1111111111111111,0.05684821399990475,1.0,1.0
17,1.0,0.5,0.0,0.37366904672428913,0.0,0.0,0.025374310111545468,0.0,1.0
18,0.0,1.0,1.0,0.38619566578980336,0.125,0.0,0.03513366015444757,0.0,1.0
19,1.0,1.0,1.0,0.311035951396718,0.0,0.0,0.014102260811993537,0.5,1.0
20,0.0,0.5,0.0,0.43630214205186024,0.0,0.0,0.050748620223090936,0.0,1.0
21,1.0,0.5,0.0,0.423775522986346,0.0,0.0,0.025374310111545468,0.0,0.42857142857142855
22,1.0,1.0,1.0,0.18576976074157586,0.0,0.0,0.015671954672893913,1.0,1.0
23,1.0,0.0,0.0,0.3486158085932607,0.0,0.0,0.06929138530460494,0.0,0.0
24,0.0,1.0,1.0,0.09808342728297632,0.375,0.1111111111111111,0.04113566043083236,0.0,1.0
25,1.0,1.0,1.0,0.4738819992484029,0.125,0.5555555555555556,0.06126431989431795,0.0,1.0
26,0.0,1.0,0.0,0.311035951396718,0.0,0.0,0.014102260811993537,0.5,1.0
27,0.0,0.0,0.0,0.23587623700363275,0.375,0.2222222222222222,0.5133418122566507,0.0,0.2857142857142857
28,1.0,1.0,1.0,0.311035951396718,0.0,0.0,0.01537917417160685,1.0,1.0
29,0.0,1.0,0.0,0.311035951396718,0.0,0.0,0.015411575213749286,0.0,1.0
30,0.0,0.0,0.0,0.49893523737943135,0.0,0.0,0.05410739813385612,0.5,1.0
31,1.0,0.0,1.0,0.33608918952774647,0.125,0.0,0.2859895551532101,0.5,0.14285714285714285
32,1.0,1.0,1.0,0.311035951396718,0.0,0.0,0.015126992566498259,1.0,1.0
33,0.0,0.5,0.0,0.824627333082801,0.0,0.0,0.020494635090094415,0.0,1.0
34,0.0,0.0,0.0,0.3486158085932607,0.125,0.0,0.16038672010106003,0.5,1.0
35,0.0,0.0,0.0,0.5239884755104598,0.125,0.0,0.10149724044618187,0.0,1.0
36,1.0,1.0,0.0,0.311035951396718,0.0,0.0,0.014110458666029575,0.5,1.0
37,0.0,1.0,0.0,0.2609294751346612,0.0,0.0,0.015712553569072387,0.0,1.0
38,0.0,1.0,1.0,0.22334961793811853,0.25,0.0,0.03513366015444757,0.0,1.0
39,1.0,1.0,1.0,0.17324314167606164,0.125,0.0,0.021942337075458514,0.5,1.0
40,0.0,1.0,1.0,0.49893523737943135,0.125,0.0,0.018493968331299484,0.0,1.0
41,0.0,0.5,1.0,0.33608918952774647,0.125,0.0,0.04098927018018883,0.0,1.0
42,0.0,1.0,0.0,0.311035951396718,0.0,0.0,0.015411575213749286,0.5,1.0
43,1.0,0.5,1.0,0.035450331955405236,0.125,0.2222222222222222,0.08115719346076702,0.5,1.0
44,1.0,1.0,1.0,0.23587623700363275,0.0,0.0,0.01537917417160685,1.0,1.0
45,0.0,1.0,0.0,0.311035951396718,0.0,0.0,0.015712553569072387,0.0,1.0
46,0.0,1.0,0.0,0.311035951396718,0.125,0.0,0.030253985132996517,1.0,1.0
47,1.0,1.0,1.0,0.311035951396718,0.0,0.0,0.015126992566498259,1.0,1.0
48,0.0,1.0,0.0,0.28598271326568964,0.25,0.0,0.04231498029001666,0.5,1.0
49,0.0,1.0,1.0,0.22334961793811853,0.125,0.0,0.034743286152731485,0.0,1.0
50,0.0,1.0,0.0,0.0855568082174621,0.5,0.1111111111111111,0.07746484096553544,0.0,1.0
51,0.0,1.0,0.0,0.2609294751346612,0.0,0.0,0.01522458606692728,0.0,1.0
52,1.0,0.0,1.0,0.6116748089690592,0.125,0.0,0.1497654242623688,0.5,0.42857142857142855
53,1.0,0.5,1.0,0.3611424276587749,0.125,0.0,0.050748620223090936,0.0,1.0
54,0.0,0.0,0.0,0.8121007140172868,0.0,0.1111111111111111,0.1209753416358076,0.5,0.14285714285714285
55,1.0,0.0,0.0,0.5177251659777027,0.0,0.0,0.06929138530460494,0.0,0.2857142857142857
56,1.0,0.5,1.0,0.2609294751346612,0.0,0.0,0.020494635090094415,0.0,1.0
57,0.0,1.0,0.0,0.3548791181260178,0.0,0.0,0.014110458666029575,0.5,1.0
58,1.0,0.5,1.0,0.06050357008643368,0.125,0.2222222222222222,0.05416439273810667,0.0,1.0
59,0.0,1.0,0.0,0.135663284479519,0.625,0.2222222222222222,0.09154270340242172,0.0,1.0
60,0.0,1.0,0.0,0.2734560942001754,0.0,0.0,0.014110458666029575,0.5,1.0
61,1.0,0.0,1.0,0.4738819992484029,0.0,0.0,0.15614960068643363,0.0,0.14285714285714285
62,0.0,0.0,0.0,0.5615683327070025,0.125,0.0,0.16293234896625058,0.0,0.2857142857142857
63,0.0,1.0,0.0,0.04797695102091946,0.375,0.2222222222222222,0.05445717323939373,0.0,1.0
64,0.0,0.0,0.0,0.5177251659777027,0.0,0.0,0.05410739813385612,0.5,1.0
65,1.0,1.0,0.0,0.19829637980709008,0.125,0.1111111111111111,0.029757819776815374,0.5,1.0
66,1.0,0.5,1.0,0.3611424276587749,0.0,0.0,0.020494635090094415,0.0,0.7142857142857142
67,0.0,1.0,0.0,0.23587623700363275,0.0,0.0,0.015923941091001644,0.0,1.0
68,1.0,1.0,1.0,0.2108229988726043,0.5,0.2222222222222222,0.015468569817999833,0.0,1.0
69,0.0,1.0,0.0,0.32356257046223225,0.25,0.0,0.016908073949327893,0.0,1.0
70,0.0,0.5,0.0,0.3987222848553176,0.0,0.0,0.020494635090094415,0.0,1.0
71,0.0,1.0,1.0,0.19829637980709008,0.625,0.2222222222222222,0.09154270340242172,0.0,1.0
72,0.0,0.5,0.0,0.2609294751346612,0.0,0.0,0.1434624456306609,0.0,1.0
73,0.0,1.0,0.0,0.32356257046223225,0.125,0.0,0.028212719478023115,0.5,1.0
74,1.0,1.0,0.0,0.3987222848553176,0.0,0.0,0.11027245763075773,0.0,1.0
75,0.0,1.0,0.0,0.311035951396718,0.0,0.0,0.014931805565640218,0.0,0.7142857142857142
76,0.0,1.0,0.0,0.311035951396718,0.0,0.0,0.015411575213749286,0.0,1.0
77,0.0,1.0,0.0,0.311035951396718,0.0,0.0,0.015712553569072387,0.0,1.0
78,1.0,0.5,0.0,0.008267568583239383,0.0,0.2222222222222222,0.056604230248832196,0.0,1.0
79,1.0,1.0,1.0,0.37366904672428913,0.0,0.0,0.024349578357040744,0.0,1.0
80,0.0,1.0,0.0,0.2734560942001754,0.0,0.0,0.017566830077223785,0.0,1.0
81,1.0,1.0,0.0,0.3611424276587749,0.0,0.0,0.018542765081513996,0.0,1.0
82,1.0,1.0,1.0,0.311035951396718,0.0,0.0,0.015200187691820024,1.0,1.0
83,0.0,0.0,0.0,0.3486158085932607,0.0,0.0,0.09193307740413781,0.0,1.0
84,1.0,0.5,1.0,0.2108229988726043,0.0,0.0,0.020494635090094415,0.0,1.0
85,1.0,1.0,1.0,0.4112489039208318,0.375,0.0,0.030937139635999665,0.0,1.0
86,0.0,1.0,0.0,0.19829637980709008,0.125,0.3333333333333333,0.06709553154495196,0.0,1.0
87,0.0,1.0,0.0,0.311035951396718,0.0,0.0,0.015712553569072387,0.0,1.0
88,1.0,0.0,1.0,0.28598271326568964,0.375,0.2222222222222222,0.5133418122566507,0.0,0.2857142857142857
89,0.0,1.0,0.0,0.2985093323312038,0.0,0.0,0.015712553569072387,0.0,1.0
90,0.0,1.0,0.0,0.3611424276587749,0.0,0.0,0.015712553569072387,0.0,1.0
91,0.0,1.0,0.0,0.24840285606914697,0.0,0.0,0.015330377421392339,0.0,1.0
92,0.0,0.0,0.0,0.5740949517725167,0.125,0.0,0.11940564777490723,0.0,0.5714285714285714
93,0.0,1.0,0.0,0.32356257046223225,0.125,0.2222222222222222,0.04015972542654215,0.0,1.0
94,0.0,1.0,0.0,0.7369409996242015,0.0,0.0,0.014151057562208049,0.0,1.0
95,0.0,1.0,0.0,0.311035951396718,0.0,0.0,0.015712553569072387,0.0,1.0
96,0.0,0.0,0.0,0.8872604284103721,0.0,0.0,0.06764049365134761,0.5,0.0
97,1.0,0.0,0.0,0.28598271326568964,0.0,0.1111111111111111,0.12366716556464086,0.5,0.42857142857142855
98,1.0,0.5,1.0,0.423775522986346,0.0,0.1111111111111111,0.044893010197349675,0.0,1.0
99,0.0,0.5,0.0,0.423775522986346,0.125,0.0,0.050748620223090936,0.0,1.0
100,0.0,1.0,1.0,0.3486158085932607,0.0,0.0,0.015411575213749286,0.0,1.0
101,0.0,1.0,0.0,0.311035951396718,0.0,0.0,0.015411575213749286,0.0,1.0
102,0.0,0.0,0.0,0.2609294751346612,0.0,0.1111111111111111,0.15085515328815924,0.0,0.42857142857142855
103,0.0,1.0,0.0,0.4112489039208318,0.0,0.0,0.016891873428256675,0.0,1.0
104,0.0,1.0,0.0,0.4613553801828887,0.25,0.0,0.015468569817999833,0.0,1.0
105,0.0,1.0,0.0,0.3486158085932607,0.0,0.0,0.015411575213749286,0.0,1.0
106,1.0,1.0,1.0,0.2609294751346612,0.0,0.0,0.014931805565640218,0.0,1.0
107,1.0,1.0,0.0,0.311035951396718,0.0,0.0,0.015175789316712771,0.0,1.0
108,0.0,1.0,0.0,0.4738819992484029,0.0,0.0,0.015411575213749286,0.0,1.0
109,1.0,1.0,1.0,0.311035951396718,0.125,0.0,0.04713766070721715,1.0,1.0
110,0.0,0.0,0.0,0.5866215708380309,0.0,0.0,0.10149724044618187,0.0,0.2857142857142857
111,0.0,1.0,1.0,0.17950645120881875,0.125,0.0,0.028212719478023115,0.5,1.0
112,0.0,1.0,0.0,0.2734560942001754,0.0,0.0,0.015712553569072387,0.0,1.0
113,0.0,1.0,1.0,0.24840285606914697,0.125,0.0,0.019177122834302632,0.0,1.0
114,0.0,1.0,1.0,0.2108229988726043,0.0,0.0,0.028220722145058292,0.5,1.0
115,0.0,1.0,0.0,0.2609294751346612,0.0,0.0,0.015468569817999833,0.0,1.0
116,0.0,1.0,0.0,0.880997118877615,0.0,0.0,0.015126992566498259,1.0,1.0
117,0.0,0.5,0.0,0.3611424276587749,0.125,0.0,0.04098927018018883,0.0,1.0
118,0.0,0.0,0.0,0.2985093323312038,0.0,0.1111111111111111,0.4831284260198326,0.5,0.14285714285714285
119,0.0,1.0,1.0,0.02292371288989102,0.5,0.2222222222222222,0.06104473451835265,0.0,1.0
120,0.0,0.5,0.0,0.2609294751346612,0.25,0.0,0.1434624456306609,0.0,1.0
121,0.0,1.0,0.0,0.311035951396718,0.0,0.0,0.015712553569072387,0.0,1.0
122,0.0,0.5,0.0,0.4049855943880747,0.125,0.0,0.058694292654020104,0.5,1.0
123,1.0,0.5,1.0,0.4049855943880747,0.0,0.0,0.025374310111545468,0.0,0.5714285714285714
124,0.0,0.0,0.0,0.6743079042966303,0.0,0.1111111111111111,0.15085515328815924,0.0,0.42857142857142855
125,1.0,1.0,0.0,0.1481899035450332,0.125,0.0,0.021942337075458514,0.5,1.0
126,0.0,1.0,0.0,0.311035951396718,0.0,0.0,0.015126992566498259,1.0,1.0
127,1.0,1.0,0.0,0.2985093323312038,0.0,0.0,0.01393967004027879,0.0,1.0
128,1.0,1.0,1.0,0.19829637980709008,0.125,0.1111111111111111,0.04364049521284362,0.5,0.7142857142857142
129,0.0,1.0,0.0,0.5615683327070025,0.0,0.0,0.013614293309848433,0.0,1.0
130,0.0,1.0,0.0,0.4112489039208318,0.0,0.0,0.015411575213749286,0.5,1.0
131,0.0,1.0,0.0,0.24840285606914697,0.0,0.0,0.013760683560491965,0.0,1.0
132,0.0,1.0,1.0,0.5866215708380309,0.125,0.0,0.028302115124416098,0.0,1.0
133,1.0,0.5,1.0,0.3611424276587749,0.125,0.0,0.050748620223090936,0.0,1.0
134,0.0,0.5,0.0,0.311035951396718,0.0,0.0,0.025374310111545468,0.0,1.0
135,0.0,0.5,0.0,0.28598271326568964,0.0,0.0,0.02936744577509929,0.5,1.0
136,1.0,0.0,1.0,0.23587623700363275,0.0,0.2222222222222222,0.051301584996521765,0.0,0.42857142857142855
137,0.0,0.0,0.0,0.4613553801828887,0.125,0.0,0.10364429745562033,0.0,0.2857142857142857
138,0.0,1.0,0.0,0.19829637980709008,0.0,0.0,0.01798980030808316,0.0,1.0
139,0.0,0.0,0.0,0.2985093323312038,0.0,0.0,0.15458810467956932,0.5,0.14285714285714285
140,0.0,1.0,1.0,0.32356257046223225,0.0,0.2222222222222222,0.029757819776815374,0.5,1.0
141,1.0,1.0,1.0,0.2734560942001754,0.0,0.0,0.015126992566498259,0.0,1.0
142,1.0,1.0,1.0,0.2985093323312038,0.125,0.0,0.030937139635999665,0.0,1.0
143,0.0,1.0,0.0,0.23587623700363275,0.0,0.0,0.013175122557917838,1.0,1.0
144,0.0,0.5,0.0,0.22334961793811853,0.0,0.0,0.022446505098674838,0.0,1.0
145,0.0,0.5,0.0,0.23587623700363275,0.125,0.1111111111111111,0.07173122281533045,0.0,1.0
146,1.0,1.0,0.0,0.33608918952774647,0.0,0.0,0.015216388212891242,0.0,1.0
147,0.0,1.0,1.0,0.11061004634849055,0.25,0.2222222222222222,0.06709553154495196,0.0,1.0
148,0.0,0.5,0.0,0.4550920706501316,0.0,0.2222222222222222,0.050748620223090936,0.0,0.7142857142857142
149,0.0,0.5,0.0,0.5239884755104598,0.0,0.0,0.025374310111545468,0.0,1.0
150,0.0,0.5,0.0,0.6367280471000877,0.0,0.0,0.02444717185746977,0.0,1.0
151,1.0,0.0,1.0,0.2734560942001754,0.125,0.0,0.12999454257145598,0.0,0.2857142857142857
152,0.0,1.0,0.0,0.6930978328949017,0.0,0.0,0.015712553569072387,0.0,1.0
153,0.0,1.0,0.0,0.5051985469121885,0.0,0.2222222222222222,0.028302115124416098,0.0,1.0
154,0.0,1.0,0.0,0.311035951396718,0.0,0.0,0.014273049437744325,0.0,1.0
155,0.0,0.0,0.0,0.6367280471000877,0.0,0.1111111111111111,0.11980421963065935,0.5,1.0
156,1.0,1.0,1.0,0.19829637980709008,0.0,0.0,0.015094396337354966,1.0,1.0
157,0.0,1.0,0.0,0.37366904672428913,0.0,0.0,0.015712553569072387,0.0,1.0
158,0.0,1.0,0.0,0.311035951396718,0.0,0.0,0.016908073949327893,0.0,1.0
159,0.0,1.0,0.0,0.17950645120881875,1.0,0.2222222222222222,0.13575255909676825,0.0,1.0
160,0.0,1.0,0.0,0.5490417136414882,0.0,0.1111111111111111,0.031425107138144774,0.0,1.0
161,1.0,0.5,1.0,0.49893523737943135,0.0,0.0,0.030741952635141623,0.0,1.0
162,0.0,1.0,0.0,0.32356257046223225,0.0,0.0,0.015175789316712771,0.0,1.0
163,0.0,1.0,0.0,0.2108229988726043,0.0,0.0,0.016908073949327893,0.0,1.0
164,0.0,1.0,0.0,0.0103970938243768,0.5,0.1111111111111111,0.07746484096553544,0.0,1.0
165,1.0,1.0,0.0,0.11061004634849055,0.0,0.2222222222222222,0.04006213192611313,0.0,1.0
166,1.0,0.0,1.0,0.37366904672428913,0.0,0.1111111111111111,0.10735285047192313,0.0,0.5714285714285714
167,0.0,1.0,1.0,0.5615683327070025,0.125,0.4444444444444444,0.05445717323939373,0.0,1.0
168,0.0,0.0,0.0,0.5177251659777027,0.0,0.0,0.050602229972447406,0.0,1.0
169,0.0,1.0,0.0,0.3486158085932607,0.0,0.0,0.11027245763075773,0.0,1.0
170,0.0,0.0,0.0,0.7619942377552299,0.0,0.0,0.06538764528744409,0.0,0.14285714285714285
171,0.0,1.0,0.0,0.04797695102091946,0.5,0.1111111111111111,0.05684821399990475,1.0,1.0
172,1.0,1.0,1.0,0.0103970938243768,0.125,0.1111111111111111,0.021730754366528396,0.0,1.0
173,0.0,1.0,0.0,0.2609294751346612,0.0,0.0,0.015468569817999833,0.0,1.0
174,0.0,0.0,0.0,0.6993611424276588,0.0,0.0,0.05991421140938287,0.5,0.0
175,0.0,1.0,0.0,0.22334961793811853,0.125,0.1111111111111111,0.015330377421392339,0.0,1.0
176,0.0,1.0,0.0,0.07303018915194788,0.375,0.1111111111111111,0.049707687947515,0.0,1.0
177,0.0,0.0,1.0,0.6242014280345735,0.0,0.0,0.05604306762136532,0.5,0.2857142857142857
178,0.0,0.5,0.0,0.37366904672428913,0.0,0.0,0.025374310111545468,0.0,1.0
179,0.0,1.0,0.0,0.44882876111737446,0.0,0.0,0.0,0.0,1.0
180,0.0,1.0,1.0,0.17950645120881875,1.0,0.2222222222222222,0.13575255909676825,0.0,1.0
181,0.0,0.5,0.0,0.37366904672428913,0.0,0.0,0.02937564362913533,0.5,1.0
182,0.0,1.0,0.0,0.11061004634849055,0.5,0.2222222222222222,0.06126431989431795,0.0,1.0
183,1.0,0.5,0.0,0.0103970938243768,0.25,0.1111111111111111,0.07612293033463641,0.0,0.7142857142857142
184,1.0,1.0,1.0,0.04797695102091946,0.0,0.2222222222222222,0.04298993693898376,0.0,1.0
185,0.0,0.0,0.0,0.5177251659777027,0.0,0.0,0.09759350042902103,0.0,0.0
186,1.0,1.0,1.0,0.311035951396718,0.125,0.0,0.030253985132996517,1.0,1.0
187,1.0,0.0,0.0,0.5615683327070025,0.0,0.0,0.051822148727810165,0.0,1.0
188,0.0,1.0,0.0,0.49893523737943135,0.125,0.1111111111111111,0.030253985132996517,1.0,1.0
189,0.0,1.0,0.0,0.44882876111737446,0.0,0.0,0.015411575213749286,0.0,1.0
190,1.0,0.5,1.0,0.3987222848553176,0.0,0.0,0.025374310111545468,0.0,1.0
191,0.0,0.5,0.0,0.23587623700363275,0.0,0.0,0.025374310111545468,0.0,1.0
192,1.0,1.0,1.0,0.23587623700363275,0.125,0.0,0.015330377421392339,0.0,1.0
193,1.0,0.5,0.0,0.035450331955405236,0.125,0.1111111111111111,0.050748620223090936,0.0,0.7142857142857142
194,1.0,0.0,1.0,0.5490417136414882,0.0,0.0,0.05410739813385612,0.5,0.14285714285714285
195,1.0,0.0,1.0,0.7244143805586872,0.0,0.0,0.2859895551532101,0.5,0.14285714285714285
196,0.0,1.0,0.0,0.311035951396718,0.0,0.0,0.015126992566498259,1.0,1.0
197,0.0,1.0,0.0,0.5239884755104598,0.0,0.1111111111111111,0.01640390592611157,0.0,1.0
198,1.0,1.0,1.0,0.311035951396718,0.0,0.0,0.015126992566498259,1.0,1.0
199,0.0,0.5,1.0,0.2985093323312038,0.0,0.0,0.025374310111545468,0.0,1.0
200,0.0,1.0,0.0,0.3486158085932607,0.0,0.0,0.018542765081513996,0.0,1.0
201,0.0,1.0,0.0,0.17950645120881875,1.0,0.2222222222222222,0.13575255909676825,0.0,1.0
202,0.0,1.0,0.0,0.423775522986346,0.0,0.0,0.012678957201736696,0.0,1.0
203,0.0,1.0,0.0,0.5678316422397596,0.0,0.0,0.014102260811993537,0.5,1.0
204,1.0,1.0,0.0,0.22334961793811853,0.0,0.0,0.015712553569072387,0.0,1.0
205,0.0,1.0,1.0,0.02292371288989102,0.0,0.1111111111111111,0.02042143996477265,0.0,0.8571428571428571
206,0.0,1.0,0.0,0.3987222848553176,0.125,0.0,0.030937139635999665,0.0,1.0
207,1.0,1.0,0.0,0.32356257046223225,0.0,0.0,0.036670757786204655,0.5,1.0
208,1.0,1.0,1.0,0.19829637980709008,0.0,0.0,0.015126992566498259,1.0,1.0
209,1.0,0.0,0.0,0.49893523737943135,0.0,0.0,0.060507970265993034,0.5,0.0
210,0.0,1.0,0.0,0.2985093323312038,0.0,0.0,0.013760683560491965,0.0,1.0
211,1.0,0.5,1.0,0.43630214205186024,0.0,0.0,0.04098927018018883,0.0,1.0
212,0.0,1.0,0.0,0.2734560942001754,0.0,0.0,0.014151057562208049,0.0,1.0
213,0.0,0.5,0.0,0.37366904672428913,0.0,0.0,0.025374310111545468,0.0,1.0
214,0.0,1.0,0.0,0.311035951396718,0.125,0.0,0.015126992566498259,1.0,1.0
215,1.0,0.0,1.0,0.38619566578980336,0.125,0.0,0.22109807522194713,0.5,0.42857142857142855
216,1.0,1.0,1.0,0.33608918952774647,0.0,0.0,0.015468569817999833,0.0,1.0
217,0.0,0.5,0.0,0.5239884755104598,0.125,0.0,0.05270049023167135,0.0,1.0
218,1.0,0.0,1.0,0.3987222848553176,0.0,0.0,0.14891148113361488,0.5,0.42857142857142855
219,0.0,0.5,0.0,0.37366904672428913,0.0,0.0,0.020494635090094415,0.0,1.0
220,1.0,1.0,0.0,0.19829637980709008,0.0,0.0,0.015712553569072387,0.0,1.0
221,0.0,0.5,0.0,0.33608918952774647,0.0,0.0,0.025374310111545468,0.0,1.0
222,0.0,1.0,0.0,0.6367280471000877,0.0,0.0,0.015712553569072387,0.0,1.0
223,0.0,1.0,0.0,0.311035951396718,0.0,0.0,0.015411575213749286,0.0,1.0
224,1.0,0.0,0.0,0.4738819992484029,0.125,0.0,0.17566830077223786,0.0,0.2857142857142857
225,0.0,1.0,0.0,0.2734560942001754,0.0,0.0,0.018249984580226933,0.0,1.0
226,1.0,0.5,0.0,0.23587623700363275,0.0,0.0,0.020494635090094415,0.0,1.0
227,0.0,1.0,0.0,0.2546661656019041,0.0,0.0,0.014151057562208049,0.0,1.0
228,0.0,0.5,0.0,0.22334961793811853,0.0,0.0,0.025374310111545468,0.0,1.0
229,0.0,1.0,1.0,0.07303018915194788,0.375,0.1111111111111111,0.049707687947515,0.0,1.0
230,1.0,0.0,1.0,0.43630214205186024,0.125,0.0,0.16293234896625058,0.0,0.2857142857142857
231,0.0,1.0,0.0,0.3611424276587749,0.0,0.0,0.015175789316712771,0.0,1.0
232,0.0,0.5,0.0,0.7369409996242015,0.0,0.0,0.026350245115835676,0.0,1.0
233,1.0,1.0,1.0,0.06050357008643368,0.5,0.2222222222222222,0.06126431989431795,0.0,1.0
234,0.0,0.5,0.0,0.2985093323312038,0.0,0.0,0.020494635090094415,0.0,1.0
235,0.0,1.0,1.0,0.311035951396718,0.0,0.0,0.014736618564782174,0.0,1.0
236,0.0,0.5,0.0,0.5490417136414882,0.125,0.0,0.050748620223090936,0.0,1.0
237,1.0,0.5,1.0,0.09808342728297632,0.0,0.2222222222222222,0.05123658772523604,0.0,1.0
238,0.0,0.5,0.0,0.23587623700363275,0.0,0.0,0.020494635090094415,0.0,1.0
239,0.0,0.5,0.0,0.4112489039208318,0.0,0.0,0.023959204355324663,0.0,1.0
240,0.0,1.0,1.0,0.311035951396718,0.125,0.0,0.028212719478023115,0.5,1.0
241,1.0,1.0,1.0,0.311035951396718,0.125,0.0,0.030253985132996517,1.0,1.0
242,0.0,0.5,0.0,0.3611424276587749,0.0,0.0,0.020494635090094415,0.0,1.0
243,0.0,1.0,0.0,0.2734560942001754,0.0,0.0,0.013907073811135496,0.0,1.0
244,0.0,1.0,0.0,0.37366904672428913,0.0,0.0,0.014102260811993537,0.5,1.0
245,0.0,0.0,0.0,0.5490417136414882,0.25,0.0,0.17566830077223786,1.0,0.2857142857142857
246,0.0,1.0,1.0,0.311035951396718,0.0,0.0,0.015175789316712771,0.0,1.0
247,1.0,0.5,1.0,0.2985093323312038,0.0,0.2222222222222222,0.028302115124416098,0.0,1.0
248,1.0,0.0,0.0,0.4613553801828887,0.125,0.1111111111111111,0.10257896680493714,0.0,0.42857142857142855
249,0.0,0.5,0.0,0.6743079042966303,0.125,0.0,0.050748620223090936,0.0,1.0
250,0.0,1.0,0.0,0.311035951396718,0.0,0.0,0.014151057562208049,0.0,1.0
251,0.0,1.0,1.0,0.3611424276587749,0.125,0.1111111111111111,0.02042143996477265,0.0,0.8571428571428571
252,0.0,0.0,0.0,0.7745208568207441,0.0,0.0,0.051822148727810165,0.0,0.2857142857142857
253,0.0,1.0,0.0,0.37366904672428913,0.125,0.0,0.031425107138144774,0.0,1.0
254,0.0,1.0,1.0,0.5114618564449456,0.0,0.2222222222222222,0.039452172548431745,0.0,1.0
255,1.0,1.0,1.0,0.3611424276587749,0.0,0.2222222222222222,0.029757819776815374,0.5,1.0
256,1.0,0.0,1.0,0.5177251659777027,0.0,0.0,0.15458810467956932,0.5,1.0
257,1.0,0.0,1.0,0.37366904672428913,0.0,0.0,0.16883675574220638,0.0,0.14285714285714285
258,1.0,0.0,1.0,0.43630214205186024,0.0,0.0,1.0,0.5,1.0
259,1.0,0.5,1.0,0.6242014280345735,0.0,0.1111111111111111,0.050748620223090936,0.0,1.0
260,0.0,1.0,0.0,0.311035951396718,0.0,0.0,0.015126992566498259,1.0,1.0
261,1.0,1.0,0.0,0.035450331955405236,0.5,0.2222222222222222,0.06126431989431795,0.0,1.0
262,0.0,0.0,0.0,0.6492546661656019,0.125,0.1111111111111111,0.1554664461834305,0.0,0.5714285714285714
263,0.0,0.0,0.0,0.49893523737943135,0.0,0.0,0.0,0.0,0.14285714285714285
264,0.0,1.0,1.0,0.311035951396718,0.0,0.0,0.015126992566498259,1.0,1.0
265,0.0,0.5,0.0,0.44882876111737446,0.0,0.0,0.020494635090094415,0.0,1.0
266,0.0,1.0,0.0,0.19829637980709008,0.5,0.1111111111111111,0.07746484096553544,0.0,1.0
267,1.0,1.0,0.0,0.311035951396718,0.125,0.0,0.015175789316712771,0.0,1.0
268,1.0,0.0,1.0,0.7244143805586872,0.0,0.1111111111111111,0.2995388511917728,0.0,0.2857142857142857
269,1.0,0.0,1.0,0.43630214205186024,0.0,0.0,0.2647385704347907,0.0,0.2857142857142857
270,0.0,0.0,0.0,0.5177251659777027,0.0,0.0,0.060507970265993034,0.0,1.0
271,1.0,1.0,0.0,0.311035951396718,0.0,0.0,0.0,0.0,1.0
272,1.0,0.5,1.0,0.5114618564449456,0.0,0.1111111111111111,0.038061465167318204,0.0,1.0
273,0.0,0.0,0.0,0.4613553801828887,0.0,0.1111111111111111,0.057970539254838485,0.5,0.2857142857142857
274,1.0,1.0,1.0,0.311035951396718,0.0,0.0,0.015126992566498259,1.0,1.0
275,1.0,0.0,1.0,0.7870474758862583,0.125,0.0,0.15216446768991498,0.0,0.42857142857142855
276,0.0,1.0,1.0,0.5615683327070025,0.0,0.0,0.015126992566498259,0.0,1.0
277,0.0,0.5,0.0,0.37366904672428913,0.0,0.0,0.0,0.0,1.0
278,0.0,1.0,0.0,0.0855568082174621,0.5,0.1111111111111111,0.05684821399990475,1.0,1.0
279,1.0,1.0,1.0,0.43630214205186024,0.125,0.1111111111111111,0.03952536767375352,0.0,1.0
280,0.0,1.0,0.0,0.8121007140172868,0.0,0.0,0.015126992566498259,1.0,1.0
281,0.0,1.0,0.0,0.3486158085932607,0.0,0.0,0.015330377421392339,0.0,1.0
282,0.0,1.0,0.0,0.19829637980709008,0.0,0.0,0.018542765081513996,0.0,1.0
283,1.0,1.0,0.0,0.23587623700363275,0.0,0.0,0.015712553569072387,0.0,1.0
284,0.0,0.0,0.0,0.5177251659777027,0.0,0.0,0.050748620223090936,0.0,0.0
285,0.0,1.0,0.0,0.4112489039208318,0.0,0.0,0.016908073949327893,0.5,1.0
286,1.0,1.0,0.0,0.37366904672428913,0.0,0.0,0.018542765081513996,0.0,1.0
287,0.0,1.0,0.0,0.2734560942001754,0.0,0.0,0.015411575213749286,0.0,1.0
288,1.0,0.5,0.0,0.5239884755104598,0.0,0.0,0.025374310111545468,0.0,1.0
289,1.0,1.0,1.0,0.2734560942001754,0.0,0.0,0.015126992566498259,1.0,1.0
290,1.0,0.0,1.0,0.32356257046223225,0.0,0.0,0.15390495017656614,0.0,1.0
291,1.0,0.0,1.0,0.23587623700363275,0.125,0.0,0.17777475888549785,0.5,0.14285714285714285
292,0.0,0.5,0.0,0.44882876111737446,0.0,0.0,0.025130326360472913,0.5,0.42857142857142855
293,0.0,1.0,1.0,0.2985093323312038,0.0,0.0,0.01727404957593672,0.0,1.0
294,0.0,1.0,0.0,0.2985093323312038,0.0,0.0,0.015411575213749286,0.0,1.0
295,0.0,0.0,0.0,0.5177251659777027,0.0,0.0,0.05410739813385612,0.5,1.0
296,0.0,1.0,0.0,0.29224602279844675,0.0,0.0,0.014110458666029575,0.5,1.0
297,0.0,0.0,1.0,0.02292371288989102,0.125,0.2222222222222222,0.29580589980036276,0.0,0.2857142857142857
298,1.0,0.0,0.0,0.5177251659777027,0.0,0.0,0.05953203526170282,0.0,0.2857142857142857
299,1.0,0.0,1.0,0.6242014280345735,0.0,0.1111111111111111,0.4831284260198326,0.5,0.14285714285714285
300,1.0,1.0,1.0,0.311035951396718,0.0,0.0,0.015126992566498259,1.0,1.0
301,1.0,1.0,0.0,0.28598271326568964,0.25,0.0,0.04538097769949478,1.0,1.0
302,0.0,1.0,0.0,0.23587623700363275,0.0,0.0,0.0,0.0,1.0
303,1.0,0.5,1.0,0.37366904672428913,0.0,0.0,0.024105594605968193,1.0,0.5714285714285714
304,0.0,1.0,0.0,0.311035951396718,0.0,0.0,0.015712553569072387,0.0,1.0
305,1.0,0.0,0.0,0.009394964299135665,0.125,0.2222222222222222,0.29580589980036276,0.0,0.2857142857142857
306,1.0,0.0,1.0,0.43630214205186024,0.0,0.0,0.21642978772242535,0.5,1.0
307,1.0,0.0,1.0,0.2108229988726043,0.125,0.0,0.2125586439344078,0.5,0.2857142857142857
308,0.0,0.5,0.0,0.37366904672428913,0.125,0.0,0.04684488020593009,0.5,1.0
309,1.0,0.0,1.0,0.37366904672428913,0.0,0.0,0.11111839809247648,0.5,0.5714285714285714
310,1.0,0.0,1.0,0.2985093323312038,0.0,0.0,0.16231419173453318,0.5,0.2857142857142857
311,1.0,0.0,1.0,0.22334961793811853,0.25,0.2222222222222222,0.5121218935012878,0.5,0.14285714285714285
312,0.0,0.5,1.0,0.32356257046223225,0.125,0.1111111111111111,0.050748620223090936,0.0,1.0
313,0.0,1.0,0.0,0.3486158085932607,0.0,0.0,0.015411575213749286,0.0,1.0
314,0.0,0.5,0.0,0.536515094575974,0.125,0.1111111111111111,0.05123658772523604,0.0,1.0
315,1.0,1.0,1.0,0.32356257046223225,0.0,0.0,0.015330377421392339,0.0,1.0
316,1.0,0.5,1.0,0.2985093323312038,0.125,0.0,0.050748620223090936,0.0,1.0
317,0.0,0.5,0.0,0.6743079042966303,0.0,0.0,0.027326180120125887,0.0,1.0
318,1.0,0.0,1.0,0.38619566578980336,0.0,0.2222222222222222,0.32179836714362564,0.0,0.2857142857142857
319,1.0,0.0,1.0,0.49893523737943135,0.125,0.1111111111111111,0.2625265161540666,0.5,0.5714285714285714
320,0.0,1.0,0.0,0.2734560942001754,0.0,0.0,0.014151057562208049,0.0,1.0
321,0.0,1.0,0.0,0.33608918952774647,0.0,0.0,0.015411575213749286,0.0,1.0
322,1.0,0.5,1.0,0.37366904672428913,0.0,0.0,0.024105594605968193,1.0,1.0
323,1.0,0.5,1.0,0.2734560942001754,0.125,0.1111111111111111,0.056604230248832196,0.0,1.0
324,0.0,1.0,0.0,0.17950645120881875,1.0,0.2222222222222222,0.13575255909676825,0.0,1.0
325,1.0,0.0,1.0,0.44882876111737446,0.0,0.0,0.2647385704347907,0.5,0.2857142857142857
326,0.0,1.0,0.0,0.7619942377552299,0.0,0.0,0.012174789178520372,0.0,1.0
327,1.0,0.5,1.0,0.44882876111737446,0.0,0.0,0.025374310111545468,0.0,0.42857142857142855
328,1.0,1.0,1.0,0.38619566578980336,0.125,0.1111111111111111,0.04006213192611313,0.0,1.0
329,1.0,0.0,1.0,0.19829637980709008,0.0,0.1111111111111111,0.11316786160148591,0.5,0.14285714285714285
330,1.0,1.0,1.0,0.28598271326568964,0.25,0.0,0.04538097769949478,1.0,1.0
331,0.0,0.0,0.0,0.5678316422397596,0.0,0.0,0.055628295244541985,0.0,0.2857142857142857
332,0.0,0.0,0.0,0.4738819992484029,0.0,0.1111111111111111,0.2995388511917728,0.0,0.2857142857142857
333,0.0,1.0,0.0,0.19829637980709008,0.25,0.0,0.03513366015444757,0.0,1.0
334,1.0,0.0,1.0,0.33608918952774647,0.125,0.0,0.2608674266467732,0.0,1.0
335,0.0,1.0,0.0,0.311035951396718,0.0,0.0,0.015411575213749286,0.0,1.0
336,0.0,0.0,0.0,0.3611424276587749,0.125,0.0,0.12999454257145598,0.0,0.2857142857142857
337,1.0,0.0,1.0,0.5114618564449456,0.0,0.0,0.2625265161540666,0.5,0.5714285714285714
338,1.0,1.0,0.0,0.5615683327070025,0.0,0.0,0.015712553569072387,0.0,1.0
339,0.0,0.0,0.0,0.5615683327070025,0.0,0.0,0.06929138530460494,0.0,1.0
340,1.0,0.5,0.0,0.02292371288989102,0.125,0.1111111111111111,0.050748620223090936,0.0,0.7142857142857142
341,1.0,0.0,1.0,0.2985093323312038,0.375,0.2222222222222222,0.5133418122566507,0.0,0.2857142857142857
342,0.0,0.5,0.0,0.3486158085932607,0.0,0.0,0.025374310111545468,0.0,1.0
343,0.0,0.5,0.0,0.311035951396718,0.0,0.0,0.025374310111545468,0.0,1.0
344,0.0,0.5,0.0,0.44882876111737446,0.0,0.0,0.025374310111545468,0.0,1.0
345,1.0,0.5,1.0,0.2985093323312038,0.0,0.0,0.025374310111545468,0.0,0.7142857142857142
346,1.0,0.5,1.0,0.49893523737943135,0.0,0.0,0.025374310111545468,0.0,1.0
347,1.0,1.0,1.0,0.311035951396718,0.125,0.0,0.031425107138144774,0.0,1.0
348,1.0,1.0,0.0,0.035450331955405236,0.125,0.1111111111111111,0.031034733136428686,0.0,1.0
349,0.0,1.0,0.0,0.5239884755104598,0.0,0.0,0.016908073949327893,0.0,1.0
350,0.0,1.0,0.0,0.28598271326568964,0.0,0.0,0.01800600082915438,0.0,1.0
351,0.0,0.0,0.0,0.5177251659777027,0.0,0.0,0.06831545030031472,0.0,0.2857142857142857
352,0.0,1.0,0.0,0.18576976074157586,0.125,0.1111111111111111,0.014110458666029575,0.5,1.0
353,0.0,1.0,0.0,0.311035951396718,0.125,0.0,0.034743286152731485,0.0,1.0
354,0.0,1.0,0.0,0.311035951396718,0.0,0.0,0.014102260811993537,0.5,1.0
355,0.0,1.0,0.0,0.3486158085932607,0.0,0.0,0.018542765081513996,0.0,1.0
356,1.0,0.0,1.0,0.2734560942001754,0.0,0.1111111111111111,0.10735285047192313,0.0,0.5714285714285714
357,0.0,0.5,1.0,0.4738819992484029,0.0,0.0,0.025374310111545468,0.0,1.0
358,1.0,1.0,1.0,0.311035951396718,0.0,0.0,0.01537917417160685,1.0,1.0
359,1.0,1.0,1.0,0.311035951396718,0.0,0.0,0.01537917417160685,1.0,1.0
360,0.0,1.0,0.0,0.49893523737943135,0.125,0.4444444444444444,0.05445717323939373,0.0,1.0
361,0.0,0.5,0.0,0.3611424276587749,0.125,0.0,0.05410739813385612,0.5,1.0
362,0.0,1.0,1.0,0.5615683327070025,0.0,0.1111111111111111,0.028212719478023115,0.5,1.0
363,0.0,1.0,0.0,0.43630214205186024,0.0,0.0,0.013760683560491965,0.0,1.0
364,0.0,1.0,0.0,0.311035951396718,0.125,0.0,0.030253985132996517,1.0,1.0
365,0.0,1.0,0.0,0.37366904672428913,0.0,0.0,0.014151057562208049,0.0,1.0
366,1.0,0.0,1.0,0.7494676186897157,0.125,0.0,0.14687821814567664,0.5,0.42857142857142855
367,1.0,1.0,1.0,0.311035951396718,0.0,0.0,0.014110458666029575,0.5,1.0
368,1.0,1.0,1.0,0.311035951396718,0.0,0.0,0.015126992566498259,1.0,1.0
369,1.0,0.0,1.0,0.2985093323312038,0.0,0.0,0.13526459159462315,0.5,0.14285714285714285
370,1.0,0.0,0.0,0.311035951396718,0.125,0.0,0.1082149914547131,0.5,0.5714285714285714
371,0.0,1.0,0.0,0.22334961793811853,0.125,0.0,0.012678957201736696,0.0,1.0
372,0.0,1.0,0.0,0.23587623700363275,0.0,0.0,0.015712553569072387,0.0,1.0
373,0.0,0.0,0.0,0.2734560942001754,0.0,0.0,0.2647385704347907,0.5,1.0
374,0.0,1.0,1.0,0.035450331955405236,0.375,0.1111111111111111,0.04113566043083236,0.0,1.0
375,1.0,0.0,1.0,0.4738819992484029,0.125,0.0,0.16038672010106003,0.5,1.0
376,1.0,1.0,1.0,0.2734560942001754,0.0,0.0,0.014151057562208049,0.0,1.0
377,0.0,0.0,0.0,0.33608918952774647,0.0,0.2222222222222222,0.41282050681475896,0.5,0.2857142857142857
378,0.0,1.0,0.0,0.24840285606914697,0.0,0.0,0.007831878409428937,0.5,1.0
379,0.0,1.0,0.0,0.23587623700363275,0.0,0.0,0.015175789316712771,0.0,1.0
380,1.0,0.0,1.0,0.5239884755104598,0.0,0.0,0.4440992237022602,0.5,1.0
381,1.0,1.0,1.0,0.0103970938243768,0.0,0.2222222222222222,0.030725752114070404,0.5,1.0
382,0.0,1.0,0.0,0.3987222848553176,0.0,0.0,0.015468569817999833,0.0,1.0
383,1.0,0.0,1.0,0.43630214205186024,0.125,0.0,0.10149724044618187,0.0,1.0
384,0.0,1.0,0.0,0.311035951396718,0.0,0.0,0.015411575213749286,0.0,1.0
385,0.0,0.5,0.0,0.22334961793811853,0.0,0.0,0.1434624456306609,0.0,1.0
386,0.0,1.0,0.0,0.0103970938243768,0.625,0.2222222222222222,0.09154270340242172,0.0,1.0
387,1.0,0.5,1.0,0.44882876111737446,0.0,0.0,0.025374310111545468,0.0,1.0
388,0.0,1.0,0.0,0.311035951396718,0.0,0.0,0.015086393670319786,1.0,1.0
389,1.0,0.5,1.0,0.2108229988726043,0.0,0.0,0.023422440102965045,0.5,1.0
390,1.0,0.0,0.0,0.44882876111737446,0.125,0.2222222222222222,0.23422440102965048,0.0,0.14285714285714285
391,1.0,1.0,0.0,0.2609294751346612,0.0,0.0,0.015216388212891242,0.0,1.0
392,0.0,1.0,0.0,0.3486158085932607,0.25,0.0,0.015468569817999833,0.0,1.0
393,1.0,0.0,1.0,0.28598271326568964,0.125,0.0,0.22109807522194713,0.5,0.42857142857142855
394,1.0,1.0,1.0,0.2985093323312038,0.0,0.2222222222222222,0.03259622914329302,0.0,0.8571428571428571
395,0.0,1.0,0.0,0.2734560942001754,0.0,0.0,0.015216388212891242,0.0,1.0
396,0.0,1.0,1.0,0.38619566578980336,0.0,0.0,0.015330377421392339,0.0,1.0
397,0.0,0.5,0.0,0.5740949517725167,0.0,0.0,0.050748620223090936,0.0,1.0
398,0.0,0.5,0.0,0.28598271326568964,0.0,0.0,0.020494635090094415,0.0,1.0
399,1.0,0.5,1.0,0.3486158085932607,0.0,0.0,0.02469115560854232,0.0,1.0
400,1.0,1.0,0.0,0.48640861831391713,0.0,0.0,0.015468569817999833,0.0,1.0
401,0.0,1.0,0.0,0.32356257046223225,0.0,0.0,0.015712553569072387,0.0,1.0
402,0.0,1.0,1.0,0.2609294751346612,0.125,0.0,0.019177122834302632,0.0,1.0
403,0.0,1.0,0.0,0.3486158085932607,0.125,0.0,0.030937139635999665,0.0,1.0
404,0.0,1.0,1.0,0.24840285606914697,0.0,0.0,0.016908073949327893,0.0,1.0
405,0.0,0.5,0.0,0.423775522986346,0.125,0.0,0.04098927018018883,0.0,1.0
406,0.0,1.0,0.0,0.6367280471000877,0.0,0.0,0.015126992566498259,0.0,1.0
407,1.0,0.5,0.0,0.035450331955405236,0.125,0.1111111111111111,0.03659756266088288,0.0,1.0
408,0.0,1.0,0.0,0.2609294751346612,0.0,0.0,0.015175789316712771,0.0,1.0
409,0.0,1.0,1.0,0.07303018915194788,0.375,0.1111111111111111,0.049707687947515,0.0,1.0
410,0.0,1.0,0.0,0.311035951396718,0.0,0.0,0.015411575213749286,0.0,1.0
411,0.0,1.0,0.0,0.311035951396718,0.0,0.0,0.013386510079847098,1.0,1.0
412,1.0,0.0,1.0,0.4112489039208318,0.125,0.0,0.17566830077223786,1.0,0.2857142857142857
413,0.0,0.5,0.0,0.37366904672428913,0.0,0.0,0.0,0.0,1.0
414,1.0,1.0,0.0,0.5490417136414882,0.0,0.0,0.015468569817999833,0.0,1.0
415,0.0,1.0,1.0,0.311035951396718,0.0,0.0,0.015712553569072387,0.0,1.0
416,1.0,0.5,1.0,0.423775522986346,0.125,0.1111111111111111,0.06343577527886367,0.0,1.0
417,1.0,0.5,1.0,0.22334961793811853,0.0,0.2222222222222222,0.025374310111545468,0.0,1.0
418,0.0,0.5,0.0,0.37366904672428913,0.0,0.0,0.025374310111545468,0.0,1.0
419,0.0,1.0,1.0,0.12313666541400477,0.0,0.2222222222222222,0.04713766070721715,0.0,1.0
420,0.0,1.0,0.0,0.311035951396718,0.0,0.0,0.015411575213749286,0.5,1.0
421,0.0,1.0,0.0,0.2609294751346612,0.0,0.0,0.015094396337354966,1.0,1.0
422,0.0,1.0,0.0,0.3611424276587749,0.0,0.0,0.015370976317570811,0.0,1.0
423,0.0,1.0,1.0,0.3486158085932607,0.125,0.1111111111111111,0.028106928123558056,0.0,1.0
424,0.0,1.0,0.0,0.22334961793811853,0.125,0.1111111111111111,0.039452172548431745,0.0,1.0
425,0.0,1.0,0.0,0.311035951396718,0.0,0.0,0.014151057562208049,0.0,1.0
426,1.0,0.5,1.0,0.3486158085932607,0.125,0.0,0.050748620223090936,0.0,1.0
427,1.0,0.5,1.0,0.23587623700363275,0.0,0.0,0.050748620223090936,0.0,1.0
428,0.0,1.0,0.0,0.311035951396718,0.0,0.0,0.015126992566498259,1.0,1.0
429,1.0,1.0,0.0,0.3987222848553176,0.0,0.0,0.015712553569072387,0.0,0.5714285714285714
430,1.0,0.0,0.0,0.3486158085932607,0.0,0.0,0.051822148727810165,0.0,0.2857142857142857
431,1.0,1.0,1.0,0.311035951396718,0.125,0.0,0.031425107138144774,0.0,1.0
432,1.0,0.5,1.0,0.5239884755104598,0.125,0.0,0.050748620223090936,0.0,1.0
433,0.0,1.0,0.0,0.2108229988726043,0.0,0.0,0.013907073811135496,0.0,1.0
434,0.0,0.0,0.0,0.6242014280345735,0.125,0.0,0.1091095334796455,0.0,0.5714285714285714
435,1.0,0.0,1.0,0.17324314167606164,0.125,0.2222222222222222,0.23422440102965048,0.0,0.14285714285714285
436,0.0,1.0,1.0,0.2609294751346612,0.25,0.2222222222222222,0.06709553154495196,0.0,1.0
437,1.0,0.5,1.0,0.2985093323312038,0.25,0.3333333333333333,0.03659756266088288,0.0,1.0
438,0.0,0.0,0.0,0.7995740949517726,0.125,0.4444444444444444,0.5133418122566507,0.0,0.2857142857142857
439,0.0,0.5,0.0,0.38619566578980336,0.0,0.0,0.020494635090094415,0.0,1.0
440,1.0,0.5,1.0,0.5615683327070025,0.125,0.1111111111111111,0.05123658772523604,0.0,1.0
441,0.0,1.0,0.0,0.24840285606914697,0.0,0.0,0.018542765081513996,0.0,1.0
442,0.0,1.0,0.0,0.311035951396718,0.125,0.0,0.015175789316712771,0.0,1.0
443,1.0,0.5,1.0,0.3486158085932607,0.0,0.0,0.025374310111545468,0.0,1.0
444,1.0,1.0,0.0,0.311035951396718,0.0,0.0,0.015834545444608664,0.0,1.0
445,1.0,0.0,0.0,0.04797695102091946,0.0,0.2222222222222222,0.15977676072337862,0.0,0.0
446,1.0,0.5,1.0,0.16071652261054742,0.0,0.1111111111111111,0.038061465167318204,0.0,1.0
447,1.0,0.0,0.0,0.423775522986346,0.0,0.0,0.051822148727810165,0.0,1.0
448,1.0,1.0,1.0,0.06050357008643368,0.25,0.1111111111111111,0.03758969818624431,0.5,1.0
449,1.0,0.0,0.0,0.6492546661656019,0.0,0.0,0.05953203526170282,0.0,0.2857142857142857
450,0.0,0.5,0.0,0.44882876111737446,0.125,0.2222222222222222,0.05416439273810667,0.0,1.0
451,0.0,1.0,0.0,0.311035951396718,0.125,0.0,0.03897240290032268,0.0,1.0
452,0.0,0.0,0.0,0.37366904672428913,0.0,0.0,0.05416439273810667,0.5,0.2857142857142857
453,1.0,0.0,0.0,0.6116748089690592,0.125,0.0,0.17391981561855152,0.5,0.2857142857142857
454,0.0,1.0,0.0,0.311035951396718,0.0,0.0,0.015712553569072387,0.0,1.0
455,1.0,1.0,0.0,0.3611424276587749,0.0,0.0,0.015411575213749286,0.5,1.0
456,0.0,0.0,0.0,0.8121007140172868,0.0,0.0,0.051822148727810165,0.0,0.5714285714285714
457,1.0,0.0,1.0,0.4738819992484029,0.125,0.0,0.10122885832000206,0.0,0.42857142857142855
458,1.0,0.5,1.0,0.6242014280345735,0.0,0.0,0.020494635090094415,0.0,1.0
459,0.0,1.0,0.0,0.311035951396718,0.0,0.0,0.015126992566498259,1.0,1.0
460,1.0,0.0,0.0,0.599148189903545,0.0,0.0,0.051822148727810165,0.0,0.5714285714285714
461,0.0,1.0,0.0,0.423775522986346,0.0,0.0,0.015712553569072387,0.0,1.0
462,0.0,0.0,0.0,0.5866215708380309,0.0,0.0,0.07514699533034619,0.0,0.5714285714285714
463,0.0,0.5,0.0,0.599148189903545,0.0,0.0,0.025374310111545468,0.0,1.0
464,0.0,1.0,0.0,0.311035951396718,0.0,0.0,0.015712553569072387,0.0,1.0
465,0.0,1.0,0.0,0.4738819992484029,0.0,0.0,0.013760683560491965,0.0,1.0
466,0.0,0.5,0.0,0.37366904672428913,0.0,0.0,0.0,0.0,1.0
467,0.0,0.0,0.0,0.6993611424276588,0.0,0.0,0.051822148727810165,0.0,1.0
468,0.0,1.0,0.0,0.311035951396718,0.0,0.0,0.015078195816283748,1.0,1.0
469,1.0,1.0,1.0,0.007265439057998245,0.25,0.1111111111111111,0.03758969818624431,0.5,1.0
470,0.0,1.0,0.0,0.311035951396718,0.0,0.0,0.014151057562208049,0.0,1.0
471,0.0,1.0,0.0,0.4738819992484029,0.0,0.0,0.016908073949327893,0.0,1.0
472,1.0,0.5,1.0,0.4112489039208318,0.125,0.2222222222222222,0.05416439273810667,0.0,1.0
473,1.0,0.5,1.0,0.28598271326568964,0.0,0.0,0.026919605597338588,0.5,0.42857142857142855
474,0.0,1.0,1.0,0.2734560942001754,0.0,0.0,0.019201521209409888,0.0,1.0
475,0.0,0.0,0.0,0.5177251659777027,0.0,0.0,0.10149724044618187,0.0,0.0
476,0.0,0.5,0.0,0.423775522986346,0.125,0.0,0.04098927018018883,0.0,1.0
477,0.0,1.0,0.0,0.3611424276587749,0.125,0.0,0.013752485706455927,0.0,1.0
478,0.0,1.0,0.0,0.2734560942001754,0.0,0.0,0.014679623960531627,0.0,1.0
479,1.0,1.0,1.0,0.02292371288989102,0.0,0.1111111111111111,0.023983602730431916,0.0,1.0
480,0.0,1.0,0.0,0.11061004634849055,0.625,0.2222222222222222,0.09154270340242172,0.0,1.0
481,0.0,0.5,0.0,0.37366904672428913,0.0,0.0,0.0,0.0,1.0
482,0.0,1.0,0.0,0.6242014280345735,0.0,0.0,0.015712553569072387,0.0,1.0
483,1.0,1.0,1.0,0.7870474758862583,0.0,0.0,0.018713553707264782,0.0,1.0
484,1.0,0.0,0.0,0.311035951396718,0.125,0.0,0.17777475888549785,0.5,0.14285714285714285
485,0.0,1.0,1.0,0.07303018915194788,0.375,0.1111111111111111,0.049707687947515,0.0,1.0
486,1.0,0.0,1.0,0.43630214205186024,0.125,0.0,0.17566830077223786,0.0,0.2857142857142857
487,0.0,0.0,0.0,0.7244143805586872,0.0,0.0,0.057970539254838485,0.5,0.14285714285714285
488,0.0,1.0,0.0,0.37366904672428913,0.0,0.0,0.015712553569072387,0.0,1.0
489,1.0,1.0,0.0,0.11061004634849055,0.125,0.1111111111111111,0.031034733136428686,0.0,1.0
490,0.0,1.0,0.0,0.311035951396718,0.125,0.0,0.03897240290032268,0.0,1.0
491,0.0,1.0,0.0,0.2609294751346612,0.0,0.0,0.014151057562208049,0.0,1.0
492,0.0,0.0,0.0,0.6868345233621446,0.0,0.0,0.05953203526170282,0.0,0.2857142857142857
493,0.0,0.0,0.0,0.8872604284103721,0.0,0.0,0.09662576327876685,0.5,1.0
494,0.0,1.0,0.0,0.2609294751346612,0.0,0.0,0.015712553569072387,0.0,1.0
495,0.0,1.0,0.0,0.311035951396718,0.0,0.0,0.028220722145058292,0.5,1.0
496,1.0,0.0,1.0,0.6743079042966303,0.125,0.0,0.1527664244005612,0.5,0.42857142857142855
497,0.0,1.0,0.0,0.311035951396718,0.0,0.0,0.029473237129564348,0.0,1.0
498,0.0,0.0,1.0,0.311035951396718,0.125,0.2222222222222222,0.29580589980036276,0.0,0.2857142857142857
499,0.0,1.0,0.0,0.2985093323312038,0.0,0.0,0.015216388212891242,0.0,1.0
500,0.0,1.0,0.0,0.2108229988726043,0.0,0.0,0.016908073949327893,0.0,1.0
501,0.0,1.0,1.0,0.2609294751346612,0.0,0.0,0.015126992566498259,1.0,1.0
502,0.0,1.0,1.0,0.311035951396718,0.0,0.0,0.014891206669461744,1.0,1.0
503,0.0,1.0,1.0,0.4613553801828887,0.0,0.0,0.018713553707264782,0.0,1.0
504,1.0,0.0,1.0,0.19829637980709008,0.0,0.0,0.16883675574220638,0.0,0.14285714285714285
505,0.0,0.0,0.0,0.22334961793811853,0.125,0.0,0.2125586439344078,0.5,0.2857142857142857
506,1.0,0.5,1.0,0.4112489039208318,0.0,0.2222222222222222,0.050748620223090936,0.0,1.0
507,1.0,0.0,0.0,0.5177251659777027,0.0,0.0,0.051822148727810165,0.0,1.0
508,0.0,1.0,0.0,0.3486158085932607,0.0,0.0,0.04396587194327397,0.0,1.0
509,1.0,1.0,0.0,0.32356257046223225,0.0,0.0,0.11027245763075773,0.0,1.0
510,1.0,1.0,0.0,0.3611424276587749,0.0,0.0,0.015126992566498259,1.0,1.0
511,0.0,1.0,0.0,0.311035951396718,0.0,0.0,0.015712553569072387,0.0,1.0
512,1.0,0.0,0.0,0.44882876111737446,0.0,0.0,0.05130978285055781,0.0,0.5714285714285714
513,1.0,0.0,1.0,0.6743079042966303,0.125,0.0,0.11594107850967697,0.5,1.0
514,0.0,1.0,0.0,0.2985093323312038,0.0,0.0,0.014630827210317117,0.0,1.0
515,0.0,0.0,0.0,0.5866215708380309,0.0,0.0,0.06640417918791278,0.0,0.42857142857142855
516,1.0,0.5,1.0,0.423775522986346,0.0,0.0,0.020494635090094415,0.0,0.7142857142857142
517,0.0,1.0,0.0,0.311035951396718,0.0,0.0,0.04713766070721715,1.0,1.0
518,1.0,0.5,1.0,0.44882876111737446,0.125,0.0,0.050748620223090936,0.0,1.0
519,0.0,1.0,0.0,0.3987222848553176,0.0,0.0,0.015411575213749286,0.0,1.0
520,1.0,0.0,1.0,0.37366904672428913,0.0,0.0,0.18249984580226933,0.0,0.14285714285714285
521,0.0,1.0,0.0,0.2734560942001754,0.0,0.0,0.015411575213749286,0.0,1.0
522,0.0,1.0,0.0,0.311035951396718,0.0,0.0,0.014102260811993537,0.5,1.0
523,1.0,0.0,1.0,0.5490417136414882,0.0,0.1111111111111111,0.11316786160148591,0.5,0.14285714285714285
524,0.0,1.0,0.0,0.311035951396718,0.0,0.0,0.014110458666029575,0.5,1.0
525,0.0,1.0,0.0,0.5051985469121885,0.0,0.0,0.015126992566498259,1.0,1.0
526,1.0,0.5,1.0,0.6242014280345735,0.0,0.0,0.020494635090094415,0.0,1.0
527,0.0,0.0,0.0,0.44882876111737446,0.0,0.0,0.4328841690069588,0.0,0.2857142857142857
528,0.0,1.0,0.0,0.48640861831391713,0.0,0.0,0.015468569817999833,0.0,1.0
529,0.0,0.5,0.0,0.28598271326568964,0.25,0.1111111111111111,0.022446505098674838,0.0,1.0
530,1.0,0.5,1.0,0.02292371288989102,0.125,0.1111111111111111,0.050748620223090936,0.0,1.0
531,0.0,1.0,0.0,0.311035951396718,0.0,0.0,0.014110458666029575,0.5,1.0
532,0.0,1.0,0.0,0.2108229988726043,0.125,0.1111111111111111,0.014110458666029575,0.5,1.0
533,1.0,1.0,1.0,0.32356257046223225,0.0,0.2222222222222222,0.04364049521284362,0.5,1.0
534,0.0,1.0,1.0,0.37366904672428913,0.0,0.0,0.016908073949327893,0.0,1.0
535,1.0,0.5,1.0,0.0855568082174621,0.0,0.2222222222222222,0.05123658772523604,0.0,1.0
536,0.0,0.0,0.0,0.5615683327070025,0.0,0.0,0.051822148727810165,0.0,0.14285714285714285
537,1.0,0.0,1.0,0.37366904672428913,0.0,0.0,0.20772776566317125,0.5,1.0
538,0.0,1.0,0.0,0.311035951396718,0.0,0.0,0.028302115124416098,0.0,1.0
539,1.0,0.0,1.0,0.2734560942001754,0.0,0.2222222222222222,0.09661756542473082,0.5,0.14285714285714285
540,1.0,0.0,1.0,0.44882876111737446,0.0,0.2222222222222222,0.13858277060920987,0.0,0.14285714285714285
541,0.0,1.0,1.0,0.11061004634849055,0.5,0.2222222222222222,0.06104473451835265,0.0,1.0
542,0.0,1.0,1.0,0.135663284479519,0.5,0.2222222222222222,0.06104473451835265,0.0,1.0
543,1.0,0.5,0.0,0.3987222848553176,0.125,0.0,0.050748620223090936,0.0,1.0
544,0.0,0.0,0.0,0.6242014280345735,0.125,0.0,0.20772776566317125,0.5,0.2857142857142857
545,0.0,0.0,0.0,0.7995740949517726,0.0,0.0,0.050748620223090936,0.0,1.0
546,1.0,0.5,1.0,0.23587623700363275,0.125,0.0,0.050748620223090936,0.0,1.0
547,1.0,0.5,0.0,0.37366904672428913,0.0,0.0,0.02705779799394608,0.5,1.0
548,0.0,1.0,0.0,0.4112489039208318,0.125,0.1111111111111111,0.04006213192611313,0.0,1.0
549,1.0,0.5,0.0,0.09808342728297632,0.125,0.1111111111111111,0.07173122281533045,0.0,1.0
550,1.0,0.0,0.0,0.2108229988726043,0.0,0.2222222222222222,0.21642978772242535,0.5,0.2857142857142857
551,0.0,0.5,0.0,0.33608918952774647,0.0,0.0,0.050748620223090936,0.0,1.0
552,0.0,1.0,0.0,0.311035951396718,0.0,0.0,0.015281580671177828,1.0,1.0
553,1.0,1.0,0.0,0.2734560942001754,0.0,0.0,0.014102260811993537,0.5,1.0
554,1.0,1.0,1.0,0.2734560942001754,0.0,0.0,0.015175789316712771,0.0,1.0
555,0.0,0.0,0.0,0.7745208568207441,0.0,0.0,0.051822148727810165,0.0,1.0
556,1.0,0.0,1.0,0.599148189903545,0.125,0.0,0.07729405233978466,0.5,0.0
557,0.0,0.0,0.0,0.44882876111737446,0.0,0.0,0.4440992237022602,0.5,1.0
558,1.0,0.0,1.0,0.48640861831391713,0.125,0.1111111111111111,0.1554664461834305,0.0,0.5714285714285714
559,1.0,1.0,1.0,0.44882876111737446,0.125,0.0,0.033962538149299316,0.0,1.0
560,0.0,1.0,0.0,0.311035951396718,0.0,0.0,0.015126992566498259,1.0,1.0
561,0.0,1.0,0.0,0.49893523737943135,0.0,0.0,0.015411575213749286,0.0,1.0
562,0.0,0.5,0.0,0.3486158085932607,0.0,0.0,0.026350245115835676,0.0,1.0
563,0.0,1.0,0.0,0.311035951396718,0.0,0.0,0.015712553569072387,0.0,1.0
564,0.0,1.0,1.0,0.311035951396718,0.0,0.0,0.015712553569072387,0.0,1.0
565,0.0,1.0,0.0,0.2985093323312038,0.25,0.0,0.04713766070721715,0.0,1.0
566,0.0,1.0,0.0,0.23587623700363275,0.0,0.0,0.015411575213749286,0.0,1.0
567,0.0,1.0,1.0,0.3611424276587749,0.0,0.4444444444444444,0.04113566043083236,0.0,1.0
568,0.0,1.0,0.0,0.311035951396718,0.0,0.0,0.014110458666029575,0.5,1.0
569,1.0,1.0,0.0,0.3987222848553176,0.0,0.0,0.015330377421392339,0.0,1.0
570,1.0,0.5,0.0,0.7745208568207441,0.0,0.0,0.020494635090094415,0.0,1.0
571,1.0,0.0,1.0,0.6617812852311161,0.25,0.0,0.10048070654571319,0.0,0.2857142857142857
572,1.0,0.0,0.0,0.44882876111737446,0.0,0.0,0.051504969851415845,0.0,0.5714285714285714
573,1.0,1.0,1.0,0.311035951396718,0.0,0.0,0.015126992566498259,1.0,1.0
574,0.0,1.0,0.0,0.19829637980709008,0.0,0.0,0.015712553569072387,0.0,1.0
575,0.0,1.0,0.0,0.23587623700363275,0.0,0.0,0.028302115124416098,0.0,1.0
576,1.0,0.5,1.0,0.423775522986346,0.0,0.0,0.025374310111545468,0.0,1.0
577,1.0,0.0,1.0,0.48640861831391713,0.125,0.0,0.1091095334796455,0.0,0.5714285714285714
578,0.0,1.0,1.0,0.311035951396718,0.125,0.0,0.028220722145058292,0.5,1.0
579,1.0,1.0,0.0,0.3987222848553176,0.0,0.0,0.015468569817999833,0.0,1.0
580,1.0,0.5,1.0,0.311035951396718,0.125,0.1111111111111111,0.05855610025741262,0.0,1.0
581,1.0,0.0,1.0,0.48640861831391713,0.125,0.1111111111111111,0.21642978772242535,0.5,0.2857142857142857
582,0.0,0.5,0.0,0.6743079042966303,0.0,0.0,0.050748620223090936,0.0,1.0
583,0.0,0.0,0.0,0.44882876111737446,0.0,0.0,0.07831878409428937,0.5,0.0
584,0.0,1.0,0.0,0.311035951396718,0.0,0.0,0.017005667449756914,0.5,1.0
585,1.0,0.0,1.0,0.22334961793811853,0.0,0.2222222222222222,0.1554664461834305,0.0,0.5714285714285714
586,0.0,0.5,0.0,0.5866215708380309,0.0,0.0,0.02927805012870631,0.0,1.0
587,1.0,0.0,0.0,0.7494676186897157,0.125,0.1111111111111111,0.15458810467956932,0.5,0.14285714285714285
588,0.0,1.0,0.0,0.2734560942001754,0.0,0.0,0.015712553569072387,0.0,1.0
589,0.0,1.0,0.0,0.311035951396718,0.0,0.0,0.015712553569072387,0.0,1.0
590,0.0,1.0,0.0,0.43630214205186024,0.0,0.0,0.013907073811135496,0.0,1.0
591,1.0,0.0,1.0,0.6492546661656019,0.125,0.0,0.1527664244005612,0.5,0.42857142857142855
592,0.0,1.0,0.0,0.5866215708380309,0.0,0.0,0.014151057562208049,0.0,1.0
593,0.0,1.0,1.0,0.32356257046223225,0.0,0.2222222222222222,0.015126992566498259,1.0,1.0
594,0.0,0.5,0.0,0.4613553801828887,0.125,0.0,0.050748620223090936,0.0,1.0
595,0.0,1.0,0.0,0.44882876111737446,0.125,0.1111111111111111,0.04713766070721715,0.0,1.0
596,1.0,0.5,1.0,0.37366904672428913,0.0,0.0,0.06441171028315387,0.0,1.0
597,0.0,1.0,0.0,0.6116748089690592,0.0,0.0,0.0,0.0,1.0
598,0.0,1.0,0.0,0.311035951396718,0.0,0.0,0.014102260811993537,0.5,1.0
599,1.0,0.0,0.0,0.6116748089690592,0.125,0.0,0.11111839809247648,0.5,0.0
600,1.0,0.5,1.0,0.2985093323312038,0.25,0.1111111111111111,0.05270049023167135,0.0,1.0
601,0.0,1.0,0.0,0.311035951396718,0.0,0.0,0.015411575213749286,0.0,1.0
602,0.0,0.0,0.0,0.5177251659777027,0.0,0.0,0.08275928836380983,0.0,1.0
603,0.0,1.0,0.0,0.5490417136414882,0.0,0.0,0.015712553569072387,0.0,1.0
604,1.0,0.0,0.0,0.43630214205186024,0.0,0.0,0.051822148727810165,0.5,1.0
605,0.0,1.0,0.0,0.44882876111737446,0.125,0.0,0.030351578633425542,0.0,1.0
606,0.0,1.0,0.0,0.37366904672428913,0.0,0.0,0.015411575213749286,0.0,1.0
607,1.0,0.0,0.0,0.33608918952774647,0.0,0.0,0.05953203526170282,0.0,1.0
608,1.0,0.5,1.0,0.2734560942001754,0.125,0.2222222222222222,0.08115719346076702,0.5,1.0
609,1.0,0.0,1.0,0.49893523737943135,0.0,0.0,0.2995388511917728,0.0,0.2857142857142857
610,0.0,1.0,1.0,0.48640861831391713,0.125,0.5555555555555556,0.06104473451835265,0.0,1.0
611,0.0,1.0,0.0,0.311035951396718,0.0,0.0,0.013760683560491965,0.0,1.0
612,1.0,1.0,1.0,0.311035951396718,0.125,0.0,0.030253985132996517,1.0,1.0
613,0.0,1.0,0.0,0.311035951396718,0.0,0.0,0.015126992566498259,1.0,1.0
614,0.0,1.0,0.0,0.43630214205186024,0.0,0.0,0.015712553569072387,0.0,1.0
615,1.0,0.5,1.0,0.2985093323312038,0.125,0.2222222222222222,0.12687155055772734,0.0,1.0
616,0.0,1.0,0.0,0.423775522986346,0.125,0.1111111111111111,0.028106928123558056,0.0,1.0
617,0.0,1.0,1.0,0.32356257046223225,0.125,0.0,0.031425107138144774,0.0,1.0
618,1.0,0.5,1.0,0.04797695102091946,0.25,0.1111111111111111,0.07612293033463641,0.0,0.7142857142857142
619,0.0,0.5,0.0,0.32356257046223225,0.0,0.0,0.020494635090094415,0.0,1.0
620,0.0,1.0,0.0,0.33608918952774647,0.125,0.0,0.028212719478023115,0.5,1.0
621,1.0,0.0,0.0,0.5239884755104598,0.125,0.0,0.10257896680493714,0.0,0.42857142857142855
622,1.0,1.0,0.0,0.24840285606914697,0.125,0.1111111111111111,0.030725752114070404,0.5,1.0
623,0.0,1.0,0.0,0.2609294751346612,0.0,0.0,0.015330377421392339,0.0,1.0
624,0.0,1.0,0.0,0.2609294751346612,0.0,0.0,0.031425107138144774,0.0,1.0
625,0.0,0.0,0.0,0.7619942377552299,0.0,0.0,0.06308600017332605,0.0,0.42857142857142855
626,0.0,0.5,0.0,0.711887761493173,0.0,0.0,0.024105594605968193,1.0,1.0
627,1.0,0.0,1.0,0.2609294751346612,0.0,0.0,0.15216446768991498,0.0,0.42857142857142855
628,0.0,1.0,0.0,0.32356257046223225,0.0,0.0,0.015411575213749286,0.0,1.0
629,0.0,1.0,0.0,0.311035951396718,0.0,0.0,0.015094396337354966,1.0,1.0
630,1.0,0.0,0.0,1.0,0.0,0.0,0.05855610025741262,0.0,0.0
631,0.0,1.0,0.0,0.6367280471000877,0.0,0.0,0.013768881414528002,0.0,1.0
632,1.0,0.0,0.0,0.3987222848553176,0.0,0.0,0.05953203526170282,0.5,0.14285714285714285
633,0.0,0.0,0.0,0.5177251659777027,0.0,0.0,0.0,0.0,1.0
634,0.0,1.0,1.0,0.11061004634849055,0.375,0.2222222222222222,0.05445717323939373,0.0,1.0
635,1.0,0.5,1.0,0.3486158085932607,0.0,0.0,0.025374310111545468,0.0,1.0
636,0.0,1.0,0.0,0.3987222848553176,0.0,0.0,0.015468569817999833,0.0,1.0
637,0.0,0.5,0.0,0.38619566578980336,0.125,0.1111111111111111,0.05123658772523604,0.0,1.0
638,0.0,1.0,1.0,0.5114618564449456,0.0,0.5555555555555556,0.07746484096553544,0.0,1.0
639,0.0,1.0,0.0,0.311035951396718,0.125,0.0,0.031425107138144774,0.0,1.0
640,0.0,1.0,0.0,0.24840285606914697,0.0,0.0,0.015330377421392339,0.0,1.0
641,1.0,0.0,1.0,0.2985093323312038,0.0,0.0,0.13526459159462315,0.5,0.14285714285714285
642,0.0,1.0,1.0,0.02292371288989102,0.375,0.2222222222222222,0.05445717323939373,0.0,1.0
643,1.0,1.0,0.0,0.311035951396718,0.0,0.0,0.11027245763075773,0.0,1.0
644,1.0,1.0,1.0,0.007265439057998245,0.25,0.1111111111111111,0.03758969818624431,0.5,1.0
645,1.0,0.0,0.0,0.599148189903545,0.125,0.0,0.1497654242623688,0.5,0.42857142857142855
646,0.0,1.0,0.0,0.23587623700363275,0.0,0.0,0.015411575213749286,0.0,1.0
647,1.0,0.0,0.0,0.6993611424276588,0.0,0.0,0.06929138530460494,0.5,0.0
648,0.0,1.0,0.0,0.311035951396718,0.0,0.0,0.014736618564782174,0.0,1.0
649,1.0,1.0,1.0,0.28598271326568964,0.0,0.0,0.014736618564782174,0.0,1.0
650,0.0,1.0,0.0,0.311035951396718,0.0,0.0,0.015411575213749286,0.0,1.0
651,1.0,0.5,1.0,0.22334961793811853,0.0,0.1111111111111111,0.044893010197349675,0.0,1.0
652,0.0,1.0,0.0,0.2609294751346612,0.0,0.0,0.01646070534336126,0.0,1.0
653,1.0,1.0,1.0,0.311035951396718,0.0,0.0,0.015281580671177828,1.0,1.0
654,0.0,1.0,1.0,0.22334961793811853,0.0,0.0,0.013175122557917838,1.0,1.0
655,0.0,0.5,0.0,0.2985093323312038,0.25,0.0,0.1434624456306609,0.0,1.0
656,0.0,1.0,0.0,0.311035951396718,0.0,0.0,0.015411575213749286,0.0,1.0
657,0.0,1.0,1.0,0.3987222848553176,0.125,0.1111111111111111,0.030253985132996517,1.0,1.0
658,0.0,0.5,0.0,0.28598271326568964,0.0,0.0,0.025374310111545468,0.0,1.0
659,0.0,0.0,0.0,0.7244143805586872,0.0,0.2222222222222222,0.22109807522194713,0.5,0.42857142857142855
660,1.0,0.0,0.0,0.6242014280345735,0.25,0.0,0.2608674266467732,0.0,1.0
661,0.0,1.0,0.0,0.49893523737943135,0.0,0.0,0.014102260811993537,0.5,1.0
662,0.0,0.0,0.0,0.5866215708380309,0.0,0.0,0.04994347384455151,0.0,0.5714285714285714
663,0.0,1.0,0.0,0.44882876111737446,0.0,0.0,0.014630827210317117,0.0,1.0
664,1.0,1.0,0.0,0.24840285606914697,0.125,0.0,0.015468569817999833,0.0,1.0
665,0.0,0.5,0.0,0.3987222848553176,0.25,0.0,0.1434624456306609,0.0,1.0
666,0.0,0.5,0.0,0.311035951396718,0.0,0.0,0.025374310111545468,0.0,1.0
667,0.0,1.0,0.0,0.311035951396718,0.0,0.0,0.015175789316712771,0.0,1.0
668,0.0,1.0,0.0,0.536515094575974,0.0,0.0,0.015712553569072387,0.0,1.0
669,1.0,0.0,1.0,0.4738819992484029,0.125,0.0,0.10149724044618187,0.0,0.2857142857142857
670,1.0,0.5,1.0,0.49893523737943135,0.125,0.1111111111111111,0.07612293033463641,0.0,1.0
671,0.0,0.0,0.0,0.38619566578980336,0.125,0.0,0.10149724044618187,0.0,0.14285714285714285
672,0.0,0.5,0.0,0.8747338093448579,0.0,0.0,0.020494635090094415,0.0,1.0
673,1.0,0.5,0.0,0.38619566578980336,0.0,0.0,0.025374310111545468,0.0,1.0
674,0.0,0.5,0.0,0.37366904672428913,0.0,0.0,0.0,0.0,1.0
675,0.0,1.0,0.0,0.22334961793811853,0.0,0.0,0.015175789316712771,0.0,1.0
676,0.0,1.0,0.0,0.3047726418639609,0.0,0.0,0.015712553569072387,0.0,1.0
677,1.0,1.0,1.0,0.22334961793811853,0.0,0.0,0.019209719063445922,0.0,1.0
678,0.0,1.0,1.0,0.536515094575974,0.125,0.6666666666666666,0.09154270340242172,0.0,1.0
679,1.0,0.0,0.0,0.44882876111737446,0.0,0.1111111111111111,1.0,0.5,0.14285714285714285
680,0.0,1.0,1.0,0.311035951396718,0.0,0.0,0.01588334219482317,1.0,1.0
681,1.0,0.0,0.0,0.33608918952774647,0.0,0.0,0.1497654242623688,0.5,0.42857142857142855
682,0.0,1.0,0.0,0.24840285606914697,0.0,0.0,0.01800600082915438,0.0,1.0
683,0.0,1.0,0.0,0.17324314167606164,0.625,0.2222222222222222,0.09154270340242172,0.0,1.0
684,0.0,0.5,0.0,0.7494676186897157,0.125,0.1111111111111111,0.07612293033463641,0.0,1.0
685,0.0,0.5,0.0,0.311035951396718,0.125,0.2222222222222222,0.08115719346076702,0.5,1.0
686,0.0,1.0,0.0,0.17324314167606164,0.5,0.1111111111111111,0.07746484096553544,0.0,1.0
687,0.0,1.0,0.0,0.23587623700363275,0.0,0.0,0.019852079483269742,0.0,1.0
688,0.0,1.0,0.0,0.22334961793811853,0.0,0.0,0.015216388212891242,0.0,1.0
689,1.0,0.0,1.0,0.18576976074157586,0.0,0.1111111111111111,0.41250332793836464,0.0,0.14285714285714285
690,1.0,0.0,0.0,0.38619566578980336,0.125,0.0,0.11125659048908397,0.0,0.14285714285714285
691,1.0,1.0,1.0,0.04797695102091946,0.0,0.1111111111111111,0.026187654344120927,0.5,1.0
692,1.0,1.0,0.0,0.311035951396718,0.0,0.0,0.11027245763075773,0.0,1.0
693,0.0,1.0,0.0,0.311035951396718,0.0,0.0,0.014102260811993537,0.5,1.0
694,0.0,0.0,0.0,0.7494676186897157,0.0,0.0,0.051822148727810165,0.0,1.0
695,0.0,0.5,0.0,0.6492546661656019,0.0,0.0,0.026350245115835676,0.0,1.0
696,0.0,1.0,0.0,0.5490417136414882,0.0,0.0,0.015712553569072387,0.0,1.0
697,1.0,1.0,1.0,0.311035951396718,0.0,0.0,0.015094396337354966,1.0,1.0
698,0.0,0.0,0.0,0.6116748089690592,0.125,0.1111111111111111,0.21642978772242535,0.5,0.2857142857142857
699,0.0,1.0,0.0,0.5239884755104598,0.0,0.0,0.014931805565640218,0.0,0.7142857142857142
700,1.0,0.0,1.0,0.22334961793811853,0.125,0.0,0.4440992237022602,0.5,0.2857142857142857
701,1.0,0.0,0.0,0.43630214205186024,0.0,0.0,0.05130978285055781,0.0,0.5714285714285714
702,0.0,1.0,1.0,0.22334961793811853,0.0,0.1111111111111111,0.028212719478023115,0.5,1.0
703,0.0,1.0,0.0,0.311035951396718,0.0,0.0,0.015110792045427042,1.0,1.0
704,0.0,1.0,0.0,0.32356257046223225,0.125,0.0,0.015330377421392339,0.0,1.0
705,0.0,0.5,0.0,0.48640861831391713,0.0,0.0,0.050748620223090936,0.0,1.0
706,1.0,0.5,1.0,0.5615683327070025,0.0,0.0,0.026350245115835676,0.0,1.0
707,1.0,0.0,0.0,0.5239884755104598,0.0,0.0,0.05130978285055781,0.0,0.5714285714285714
708,1.0,0.0,1.0,0.2734560942001754,0.0,0.0,0.29580589980036276,0.0,1.0
709,1.0,1.0,0.0,0.19829637980709008,0.125,0.1111111111111111,0.029757819776815374,0.5,1.0
710,1.0,0.0,1.0,0.2985093323312038,0.0,0.0,0.09662576327876685,0.5,0.2857142857142857
711,0.0,0.0,0.0,0.5177251659777027,0.0,0.0,0.051822148727810165,0.0,0.2857142857142857
712,1.0,0.0,0.0,0.599148189903545,0.125,0.0,0.10149724044618187,0.0,0.2857142857142857
713,0.0,1.0,0.0,0.3611424276587749,0.0,0.0,0.018510168852370702,0.0,1.0
714,0.0,0.5,0.0,0.6492546661656019,0.0,0.0,0.025374310111545468,0.0,1.0
715,0.0,1.0,0.0,0.23587623700363275,0.0,0.0,0.014931805565640218,0.0,0.7142857142857142
716,1.0,0.0,1.0,0.4738819992484029,0.0,0.0,0.4440992237022602,0.5,0.2857142857142857
717,1.0,0.5,1.0,0.33608918952774647,0.0,0.0,0.020494635090094415,0.0,0.5714285714285714
718,0.0,1.0,0.0,0.311035951396718,0.0,0.0,0.030253985132996517,1.0,1.0
719,0.0,1.0,0.0,0.4112489039208318,0.0,0.0,0.015175789316712771,0.0,1.0
720,1.0,0.5,1.0,0.07303018915194788,0.0,0.1111111111111111,0.06441171028315387,0.0,1.0
721,0.0,1.0,0.0,0.2108229988726043,0.125,0.0,0.013768881414528002,0.0,1.0
722,0.0,0.5,0.0,0.423775522986346,0.0,0.0,0.025374310111545468,0.0,1.0
723,0.0,0.5,0.0,0.6242014280345735,0.0,0.0,0.025374310111545468,0.0,1.0
724,1.0,0.0,0.0,0.33608918952774647,0.125,0.0,0.10364429745562033,0.0,0.5714285714285714
725,0.0,1.0,0.0,0.24840285606914697,0.0,0.0,0.016908073949327893,0.0,1.0
726,1.0,0.5,1.0,0.37366904672428913,0.375,0.0,0.04098927018018883,0.0,1.0
727,1.0,1.0,1.0,0.311035951396718,0.0,0.0,0.015102594191391004,1.0,1.0
728,0.0,0.5,0.0,0.311035951396718,0.125,0.0,0.050748620223090936,0.0,1.0
729,0.0,1.0,1.0,0.311035951396718,0.125,0.0,0.015468569817999833,0.0,1.0
730,1.0,0.0,1.0,0.3611424276587749,0.0,0.0,0.41250332793836464,0.0,0.14285714285714285
731,0.0,1.0,0.0,0.135663284479519,0.0,0.0,0.036670757786204655,0.5,1.0
732,0.0,0.5,0.0,0.37366904672428913,0.0,0.0,0.0,0.0,1.0
733,0.0,0.5,0.0,0.28598271326568964,0.0,0.0,0.025374310111545468,0.0,1.0
734,0.0,0.5,0.0,0.28598271326568964,0.0,0.0,0.025374310111545468,0.0,1.0
735,0.0,1.0,0.0,0.3548791181260178,0.0,0.0,0.031425107138144774,0.0,1.0
736,0.0,1.0,1.0,0.599148189903545,0.125,0.3333333333333333,0.06709553154495196,0.0,1.0
737,1.0,0.0,0.0,0.43630214205186024,0.0,0.0,1.0,0.5,0.14285714285714285
738,0.0,1.0,0.0,0.311035951396718,0.0,0.0,0.015411575213749286,0.0,1.0
739,0.0,1.0,0.0,0.311035951396718,0.0,0.0,0.015411575213749286,0.0,1.0
740,1.0,0.0,0.0,0.5177251659777027,0.0,0.0,0.05855610025741262,0.0,0.42857142857142855
741,0.0,0.0,0.0,0.44882876111737446,0.125,0.0,0.15390495017656614,0.0,0.2857142857142857
742,1.0,0.0,1.0,0.2609294751346612,0.25,0.2222222222222222,0.5121218935012878,0.5,0.14285714285714285
743,0.0,1.0,0.0,0.2985093323312038,0.125,0.0,0.031425107138144774,0.0,1.0
744,1.0,1.0,0.0,0.38619566578980336,0.0,0.0,0.015468569817999833,0.0,1.0
745,0.0,0.0,0.0,0.8747338093448579,0.125,0.1111111111111111,0.13858277060920987,0.0,0.14285714285714285
746,0.0,1.0,0.0,0.19829637980709008,0.125,0.1111111111111111,0.03952536767375352,0.0,1.0
747,1.0,0.5,1.0,0.37366904672428913,0.0,0.0,0.025374310111545468,0.0,1.0
748,0.0,0.0,0.0,0.23587623700363275,0.125,0.0,0.10364429745562033,0.0,0.42857142857142855
749,0.0,1.0,0.0,0.38619566578980336,0.0,0.0,0.015126992566498259,1.0,1.0
750,1.0,0.5,1.0,0.04797695102091946,0.125,0.1111111111111111,0.044893010197349675,0.0,1.0
751,1.0,1.0,0.0,0.07303018915194788,0.0,0.1111111111111111,0.024349578357040744,0.0,0.5714285714285714
752,0.0,1.0,0.0,0.4112489039208318,0.0,0.0,0.018542765081513996,0.0,1.0
753,0.0,1.0,0.0,0.28598271326568964,0.0,0.0,0.015411575213749286,0.0,1.0
754,1.0,0.5,1.0,0.599148189903545,0.125,0.2222222222222222,0.12687155055772734,0.0,1.0
755,1.0,0.5,0.0,0.006263309532757109,0.125,0.1111111111111111,0.028302115124416098,0.0,1.0
756,0.0,1.0,0.0,0.3486158085932607,0.0,0.0,0.015216388212891242,0.0,1.0
757,0.0,0.5,0.0,0.22334961793811853,0.0,0.0,0.022446505098674838,0.0,1.0
758,0.0,1.0,0.0,0.423775522986346,0.0,0.0,0.015712553569072387,0.0,1.0
759,1.0,0.0,1.0,0.4112489039208318,0.0,0.0,0.16883675574220638,0.0,0.14285714285714285
760,0.0,1.0,0.0,0.311035951396718,0.0,0.0,0.028302115124416098,0.0,1.0
761,0.0,1.0,0.0,0.5114618564449456,0.0,0.0,0.013907073811135496,0.0,1.0
762,1.0,1.0,0.0,0.24840285606914697,0.0,0.0,0.014110458666029575,0.5,1.0
763,1.0,0.0,1.0,0.44882876111737446,0.125,0.2222222222222222,0.23422440102965048,0.0,0.14285714285714285
764,0.0,1.0,0.0,0.19829637980709008,0.0,0.0,0.015175789316712771,0.0,1.0
765,1.0,0.0,1.0,0.6367280471000877,0.125,0.0,0.15216446768991498,0.0,0.42857142857142855
766,0.0,0.0,0.0,0.5177251659777027,0.0,0.0,0.07729405233978466,0.5,1.0
767,0.0,1.0,1.0,0.37993235625704624,0.0,0.0,0.015126992566498259,1.0,1.0
768,0.0,1.0,0.0,0.311035951396718,0.125,0.0,0.04713766070721715,1.0,1.0
769,0.0,1.0,0.0,0.3987222848553176,0.0,0.0,0.016322512946753766,0.0,1.0
770,0.0,1.0,0.0,0.2985093323312038,0.0,0.0,0.018542765081513996,0.0,1.0
771,0.0,1.0,0.0,0.599148189903545,0.0,0.0,0.015330377421392339,0.0,1.0
772,0.0,0.5,1.0,0.711887761493173,0.0,0.0,0.020494635090094415,0.0,0.5714285714285714
773,0.0,1.0,0.0,0.311035951396718,0.0,0.0,0.014102260811993537,0.5,1.0
774,1.0,0.5,1.0,0.6743079042966303,0.125,0.3333333333333333,0.044893010197349675,0.0,1.0
775,0.0,1.0,0.0,0.22334961793811853,0.0,0.0,0.015126992566498259,0.0,1.0
776,0.0,1.0,0.0,0.311035951396718,0.0,0.0,0.015126992566498259,1.0,0.7142857142857142
777,1.0,1.0,1.0,0.06050357008643368,0.0,0.0,0.024349578357040744,0.0,1.0
778,0.0,1.0,0.0,0.311035951396718,0.0,0.0,0.015102594191391004,1.0,1.0
779,1.0,0.0,1.0,0.536515094575974,0.0,0.1111111111111111,0.41250332793836464,0.0,0.14285714285714285
780,1.0,1.0,1.0,0.16071652261054742,0.0,0.0,0.014110458666029575,0.5,1.0
781,1.0,0.0,1.0,0.2108229988726043,0.125,0.0,0.11125659048908397,0.0,0.14285714285714285
782,0.0,0.0,0.0,0.3611424276587749,0.0,0.0,0.05855610025741262,0.0,0.42857142857142855
783,0.0,1.0,0.0,0.16697983214330453,0.125,0.2222222222222222,0.04577135170121086,0.0,1.0
784,0.0,1.0,0.0,0.311035951396718,0.0,0.0,0.013760683560491965,0.0,1.0
785,0.0,1.0,0.0,0.311035951396718,0.0,0.0,0.014151057562208049,0.0,1.0
786,1.0,1.0,1.0,0.22334961793811853,0.0,0.0,0.014630827210317117,0.0,1.0
787,0.0,1.0,0.0,0.09808342728297632,0.5,0.1111111111111111,0.05684821399990475,1.0,1.0
788,1.0,1.0,0.0,0.0103970938243768,0.125,0.2222222222222222,0.04015972542654215,0.0,1.0
789,0.0,0.0,0.0,0.5740949517725167,0.0,0.0,0.15458810467956932,0.5,0.14285714285714285
790,0.0,1.0,0.0,0.311035951396718,0.0,0.0,0.015126992566498259,1.0,1.0
791,0.0,0.5,0.0,0.19829637980709008,0.0,0.0,0.050748620223090936,0.0,1.0
792,0.0,1.0,1.0,0.17950645120881875,1.0,0.2222222222222222,0.13575255909676825,0.0,1.0
793,0.0,0.0,0.0,0.5177251659777027,0.0,0.0,0.05991421140938287,0.5,1.0
794,0.0,1.0,0.0,0.311035951396718,0.0,0.0,0.015411575213749286,0.0,1.0
795,0.0,0.5,0.0,0.48640861831391713,0.0,0.0,0.025374310111545468,0.0,1.0
796,1.0,0.0,1.0,0.6116748089690592,0.0,0.0,0.050610427826483444,0.0,0.42857142857142855
797,1.0,1.0,1.0,0.38619566578980336,0.0,0.0,0.016948672845506364,0.0,1.0
798,0.0,1.0,0.0,0.37366904672428913,0.0,0.0,0.014110458666029575,0.5,1.0
799,0.0,1.0,1.0,0.37366904672428913,0.125,0.1111111111111111,0.04713766070721715,0.0,1.0
800,0.0,0.5,0.0,0.423775522986346,0.0,0.0,0.025374310111545468,0.0,1.0
801,1.0,0.5,1.0,0.38619566578980336,0.125,0.1111111111111111,0.05123658772523604,0.0,1.0
802,1.0,0.0,0.0,0.135663284479519,0.125,0.2222222222222222,0.23422440102965048,0.0,0.14285714285714285
803,1.0,1.0,0.0,0.003131654766378554,0.0,0.1111111111111111,0.016623491302076868,0.5,1.0
804,1.0,1.0,0.0,0.33608918952774647,0.0,0.0,0.013614293309848433,0.0,1.0
805,0.0,1.0,0.0,0.38619566578980336,0.0,0.0,0.015175789316712771,0.0,1.0
806,0.0,0.0,0.0,0.48640861831391713,0.0,0.0,0.0,0.0,0.0
807,0.0,1.0,1.0,0.22334961793811853,0.0,0.0,0.015175789316712771,0.0,1.0
808,0.0,0.5,0.0,0.48640861831391713,0.0,0.0,0.025374310111545468,0.0,1.0
809,1.0,0.0,1.0,0.4112489039208318,0.125,0.0,0.10364429745562033,0.0,0.5714285714285714
810,0.0,1.0,0.0,0.32356257046223225,0.0,0.0,0.015395374692678068,0.0,1.0
811,0.0,1.0,0.0,0.48640861831391713,0.0,0.0,0.04713766070721715,0.0,1.0
812,0.0,0.5,0.0,0.43630214205186024,0.0,0.0,0.020494635090094415,0.0,1.0
813,0.0,1.0,1.0,0.07303018915194788,0.5,0.2222222222222222,0.06104473451835265,0.0,1.0
814,0.0,1.0,0.0,0.37993235625704624,0.0,0.0,0.015712553569072387,0.0,1.0
815,0.0,0.0,0.0,0.5177251659777027,0.0,0.0,0.0,0.0,0.14285714285714285
816,0.0,1.0,1.0,0.28598271326568964,0.0,0.0,0.015468569817999833,0.0,1.0
817,0.0,0.5,0.0,0.38619566578980336,0.125,0.1111111111111111,0.07222738817151159,0.5,1.0
818,0.0,1.0,0.0,0.536515094575974,0.0,0.0,0.012589561555343713,0.0,1.0
819,0.0,1.0,0.0,0.12313666541400477,0.375,0.2222222222222222,0.05445717323939373,0.0,1.0
820,1.0,0.0,1.0,0.6492546661656019,0.125,0.1111111111111111,0.18249984580226933,0.0,0.14285714285714285
821,1.0,1.0,0.0,0.33608918952774647,0.0,0.0,0.016908073949327893,0.0,1.0
822,0.0,0.0,0.0,0.4738819992484029,0.0,0.0,0.0,0.0,1.0
823,1.0,1.0,1.0,0.33608918952774647,0.0,0.1111111111111111,0.024349578357040744,0.0,0.5714285714285714
824,0.0,1.0,0.0,0.02292371288989102,0.5,0.1111111111111111,0.07746484096553544,0.0,1.0
825,0.0,1.0,0.0,0.311035951396718,0.0,0.0,0.013565496559633922,1.0,1.0
826,0.0,1.0,0.0,0.311035951396718,0.0,0.0,0.11027245763075773,0.0,1.0
827,1.0,0.5,0.0,0.0103970938243768,0.0,0.2222222222222222,0.07222738817151159,0.5,1.0
828,1.0,1.0,0.0,0.311035951396718,0.0,0.0,0.015126992566498259,1.0,1.0
829,1.0,0.0,1.0,0.7745208568207441,0.0,0.0,0.15614960068643363,0.0,0.14285714285714285
830,1.0,1.0,1.0,0.18576976074157586,0.125,0.0,0.028212719478023115,0.5,1.0
831,1.0,0.5,0.0,0.008267568583239383,0.125,0.1111111111111111,0.03659756266088288,0.0,1.0
832,0.0,1.0,0.0,0.311035951396718,0.0,0.0,0.014110458666029575,0.5,1.0
833,0.0,1.0,0.0,0.28598271326568964,0.0,0.0,0.015330377421392339,0.0,1.0
834,0.0,1.0,0.0,0.22334961793811853,0.0,0.0,0.016200521071217493,0.0,1.0
835,1.0,0.0,1.0,0.48640861831391713,0.125,0.1111111111111111,0.16231419173453318,0.5,0.5714285714285714
836,0.0,1.0,0.0,0.2609294751346612,0.0,0.0,0.016908073949327893,0.0,1.0
837,0.0,1.0,0.0,0.311035951396718,0.0,0.0,0.015712553569072387,0.0,1.0
838,1.0,1.0,0.0,0.3987222848553176,0.0,0.0,0.11027245763075773,0.0,1.0
839,1.0,0.0,0.0,0.5177251659777027,0.0,0.0,0.057970539254838485,0.5,0.2857142857142857
840,0.0,1.0,0.0,0.24840285606914697,0.0,0.0,0.015468569817999833,0.0,1.0
841,0.0,0.5,0.0,0.19829637980709008,0.0,0.0,0.020494635090094415,0.0,1.0
842,1.0,0.0,1.0,0.37366904672428913,0.0,0.0,0.060507970265993034,0.5,1.0
843,0.0,1.0,0.0,0.43003883251910313,0.0,0.0,0.012565163180236457,0.5,1.0
844,0.0,1.0,0.0,0.2108229988726043,0.0,0.0,0.016908073949327893,0.0,1.0
845,0.0,1.0,0.0,0.5239884755104598,0.0,0.0,0.014736618564782174,0.0,1.0
846,0.0,1.0,0.0,0.17950645120881875,1.0,0.2222222222222222,0.13575255909676825,0.0,1.0
847,0.0,1.0,0.0,0.43630214205186024,0.0,0.0,0.015411575213749286,0.5,1.0
848,0.0,0.5,0.0,0.3486158085932607,0.0,0.1111111111111111,0.06441171028315387,0.0,1.0
849,1.0,0.0,1.0,0.4738819992484029,0.125,0.0,0.17391981561855152,0.5,0.2857142857142857
850,0.0,1.0,0.0,0.04797695102091946,0.5,0.2222222222222222,0.06104473451835265,0.0,1.0
851,0.0,1.0,0.0,0.9248402856069148,0.0,0.0,0.015175789316712771,0.0,1.0
852,0.0,1.0,1.0,0.11061004634849055,0.125,0.1111111111111111,0.029757819776815374,0.5,1.0
853,1.0,0.0,1.0,0.19829637980709008,0.0,0.1111111111111111,0.07690367833806856,0.0,0.42857142857142855
854,0.0,0.5,1.0,0.5490417136414882,0.125,0.0,0.050748620223090936,0.0,1.0
855,1.0,1.0,1.0,0.22334961793811853,0.0,0.1111111111111111,0.018249984580226933,0.0,1.0
856,1.0,0.0,1.0,0.5615683327070025,0.125,0.1111111111111111,0.32179836714362564,0.0,1.0
857,1.0,0.0,0.0,0.6367280471000877,0.0,0.0,0.051822148727810165,0.0,0.5714285714285714
858,1.0,1.0,1.0,0.2985093323312038,0.0,0.3333333333333333,0.03758969818624431,0.5,1.0
859,0.0,1.0,0.0,0.311035951396718,0.0,0.0,0.014110458666029575,0.5,1.0
860,0.0,1.0,0.0,0.5114618564449456,0.25,0.0,0.027537567642055148,0.0,1.0
861,0.0,0.5,0.0,0.2609294751346612,0.125,0.0,0.022446505098674838,0.0,1.0
862,1.0,0.0,1.0,0.599148189903545,0.0,0.0,0.050610427826483444,0.0,0.42857142857142855
863,0.0,1.0,1.0,0.17950645120881875,1.0,0.2222222222222222,0.13575255909676825,0.0,1.0
864,0.0,0.5,0.0,0.2985093323312038,0.0,0.0,0.025374310111545468,0.0,1.0
865,1.0,0.5,1.0,0.5239884755104598,0.0,0.0,0.025374310111545468,0.0,1.0
866,1.0,0.5,1.0,0.33608918952774647,0.125,0.0,0.027049600139910042,0.5,1.0
867,0.0,0.0,0.0,0.38619566578980336,0.0,0.0,0.09856123757927521,0.0,0.0
868,0.0,1.0,0.0,0.311035951396718,0.0,0.0,0.018542765081513996,0.0,1.0
869,1.0,1.0,0.0,0.04797695102091946,0.125,0.1111111111111111,0.021730754366528396,0.0,1.0
870,0.0,1.0,0.0,0.32356257046223225,0.0,0.0,0.015411575213749286,0.0,1.0
871,1.0,0.0,1.0,0.5866215708380309,0.125,0.1111111111111111,0.10257896680493714,0.0,0.42857142857142855
872,0.0,0.0,0.0,0.4112489039208318,0.0,0.0,0.009759350042902102,0.0,0.14285714285714285
873,0.0,1.0,0.0,0.5866215708380309,0.0,0.0,0.017566830077223785,0.0,1.0
874,1.0,0.5,1.0,0.3486158085932607,0.125,0.0,0.04684488020593009,0.5,1.0
875,1.0,1.0,1.0,0.18576976074157586,0.0,0.0,0.014102260811993537,0.5,1.0
876,0.0,1.0,0.0,0.24840285606914697,0.0,0.0,0.019217721730481106,0.0,1.0
877,0.0,1.0,0.0,0.23587623700363275,0.0,0.0,0.015411575213749286,0.0,1.0
878,0.0,1.0,0.0,0.311035951396718,0.0,0.0,0.015411575213749286,0.0,1.0
879,1.0,0.0,1.0,0.6993611424276588,0.0,0.1111111111111111,0.16231419173453318,0.5,0.2857142857142857
880,1.0,0.5,1.0,0.311035951396718,0.0,0.1111111111111111,0.050748620223090936,0.0,1.0
881,0.0,1.0,0.0,0.4112489039208318,0.0,0.0,0.015411575213749286,0.0,1.0
882,0.0,1.0,1.0,0.2734560942001754,0.0,0.0,0.02052723131923771,0.0,1.0
883,0.0,0.5,0.0,0.3486158085932607,0.0,0.0,0.020494635090094415,0.0,1.0
884,0.0,1.0,0.0,0.311035951396718,0.0,0.0,0.013760683560491965,0.0,1.0
885,0.0,1.0,1.0,0.48640861831391713,0.0,0.5555555555555556,0.05684821399990475,1.0,1.0
886,0.0,0.5,0.0,0.33608918952774647,0.0,0.0,0.025374310111545468,0.0,1.0
887,1.0,0.0,1.0,0.23587623700363275,0.0,0.0,0.05855610025741262,0.0,0.14285714285714285
888,0.0,1.0,1.0,0.16697983214330453,0.125,0.2222222222222222,0.04577135170121086,0.0,1.0
889,1.0,0.0,0.0,0.32356257046223225,0.0,0.0,0.05855610025741262,0.5,0.2857142857142857
890,0.0,1.0,0.0,0.3987222848553176,0.0,0.0,0.015126992566498259,1.0,1.0
